[
 {
  "codeVoucher": "AMZVO28UFA5",
  "status": false
 },
 {
  "codeVoucher": "AMZVOHG277A",
 
  "status": false
 },
 {
  "codeVoucher": "AMZVOA2HGK6",
 
  "status": false
 },
 {
  "codeVoucher": "AMZVO6X45E7",
 
  "status": false
 },
 {
  "codeVoucher": "AMZVOXCHY9L",
 
  "status": false
 },
 {
  "codeVoucher": "AMZVOCZ005S",
 
  "status": false
 },
 {
  "codeVoucher": "AMZVOHXW8PS",
 
  "status": false
 },
 {
  "codeVoucher": "AMZVOW6H6ND",
 
  "status": false
 },
 {
  "codeVoucher": "AMZVOVB07SE",
 
  "status": false
 },
 {
  "codeVoucher": "AMZVOQY8CUZ",
 
  "status": false
 },
 {
  "codeVoucher": "AMZVOKT4YMB",
 
  "status": false
 },
 {
  "codeVoucher": "AMZVO6S6OJ2",
 
  "status": false
 },
 {
  "codeVoucher": "AMZVOASEYQ2",
 
  "status": false
 },
 {
  "codeVoucher": "AMZVO2X3XZ9",
 
  "status": false
 },
 {
  "codeVoucher": "AMZVOTOO3KH",
 
  "status": false
 },
 {
  "codeVoucher": "AMZVOO7ZL1N",
 
  "status": false
 },
 {
  "codeVoucher": "AMZVOJ11KCB",
 
  "status": false
 },
 {
  "codeVoucher": "AMZVOUBLDZA",
 
  "status": false
 },
 {
  "codeVoucher": "AMZVOTG0KAK",
 
  "status": false
 },
 {
  "codeVoucher": "AMZVOM6715N",
 
  "status": false
 },
 {
  "codeVoucher": "AMZVOAJAC6X",
 
  "status": false
 },
 {
  "codeVoucher": "AMZVO358Y84",
 
  "status": false
 },
 {
  "codeVoucher": "AMZVOO2OP7Y",
 
  "status": false
 },
 {
  "codeVoucher": "AMZVO24ZKGK",
 
  "status": false
 },
 {
  "codeVoucher": "AMZVO3WWNDL",
 
  "status": false
 },
 {
  "codeVoucher": "AMZVO9DUWAE",
 
  "status": false
 },
 {
  "codeVoucher": "AMZVON6D0SV",
 
  "status": false
 },
 {
  "codeVoucher": "AMZVOVG0W5M",
 
  "status": false
 },
 {
  "codeVoucher": "AMZVOM29CF2",
 
  "status": false
 },
 {
  "codeVoucher": "AMZVO1XDD6B",
 
  "status": false
 },
 {
  "codeVoucher": "AMZVOWM9UJN",
 
  "status": false
 },
 {
  "codeVoucher": "AMZVOOJZAAS",
 
  "status": false
 },
 {
  "codeVoucher": "AMZVO13HTP9",
 
  "status": false
 },
 {
  "codeVoucher": "AMZVOWM6L8K",
 
  "status": false
 },
 {
  "codeVoucher": "AMZVO62EMI0",
 
  "status": false
 },
 {
  "codeVoucher": "AMZVOCHD8O1",
 
  "status": false
 },
 {
  "codeVoucher": "AMZVOW1H1XV",
 
  "status": false
 },
 {
  "codeVoucher": "AMZVOEYQKF1",
 
  "status": false
 },
 {
  "codeVoucher": "AMZVOI718XQ",
 
  "status": false
 },
 {
  "codeVoucher": "AMZVO8KOZXQ",
 
  "status": false
 },
 {
  "codeVoucher": "AMZVOICA883",
 
  "status": false
 },
 {
  "codeVoucher": "AMZVO9HRP2W",
 
  "status": false
 },
 {
  "codeVoucher": "AMZVO7PBHW2",
 
  "status": false
 },
 {
  "codeVoucher": "AMZVOA1J8CG",
 
  "status": false
 },
 {
  "codeVoucher": "AMZVO9WARPU",
 
  "status": false
 },
 {
  "codeVoucher": "AMZVO5MF0R1",
 
  "status": false
 },
 {
  "codeVoucher": "AMZVOO1FX1Z",
 
  "status": false
 },
 {
  "codeVoucher": "AMZVOYZ2Z7A",
 
  "status": false
 },
 {
  "codeVoucher": "AMZVOQ63BEV",
 
  "status": false
 },
 {
  "codeVoucher": "AMZVOLREB54",
 
  "status": false
 },
 {
  "codeVoucher": "AMZVOYR26UQ",
 
  "status": false
 },
 {
  "codeVoucher": "AMZVORG8J34",
 
  "status": false
 },
 {
  "codeVoucher": "AMZVO1REJFJ",
 
  "status": false
 },
 {
  "codeVoucher": "AMZVOL94HPM",
 
  "status": false
 },
 {
  "codeVoucher": "AMZVOSHEH1L",
 
  "status": false
 },
 {
  "codeVoucher": "AMZVORP9TAY",
 
  "status": false
 },
 {
  "codeVoucher": "AMZVORSM68W",
 
  "status": false
 },
 {
  "codeVoucher": "AMZVOVWM17G",
 
  "status": false
 },
 {
  "codeVoucher": "AMZVOEVM4PR",
 
  "status": false
 },
 {
  "codeVoucher": "AMZVOEP3FNV",
 
  "status": false
 },
 {
  "codeVoucher": "AMZVOPHI4QY",
 
  "status": false
 },
 {
  "codeVoucher": "AMZVO0H73LD",
 
  "status": false
 },
 {
  "codeVoucher": "AMZVOCSR3PW",

  "status": false
 },
 {
  "codeVoucher": "AMZVOJKEYL4",
 
  "status": false
 },
 {
  "codeVoucher": "AMZVOXAUJQI",
 
  "status": false
 },
 {
  "codeVoucher": "AMZVOFBITO1",
 
  "status": false
 },
 {
  "codeVoucher": "AMZVOLR9A3J",
 
  "status": false
 },
 {
  "codeVoucher": "AMZVO52QW4V",
 
  "status": false
 },
 {
  "codeVoucher": "AMZVOFRRX78",
 
  "status": false
 },
 {
  "codeVoucher": "AMZVOOEPMX1",
 
  "status": false
 },
 {
  "codeVoucher": "AMZVOVQ0YXJ",
 
  "status": false
 },
 {
  "codeVoucher": "AMZVO4SE0R8",
 
  "status": false
 },
 {
  "codeVoucher": "AMZVOXIR52T",
 
  "status": false
 },
 {
  "codeVoucher": "AMZVOOAG8D9",
 
  "status": false
 },
 {
  "codeVoucher": "AMZVOY3YZ5X",
 
  "status": false
 },
 {
  "codeVoucher": "AMZVO8CJUWF",
 
  "status": false
 },
 {
  "codeVoucher": "AMZVO09MIOP",
 
  "status": false
 },
 {
  "codeVoucher": "AMZVO3VR7WO",
 
  "status": false
 },
 {
  "codeVoucher": "AMZVO7Z71FP",
 
  "status": false
 },
 {
  "codeVoucher": "AMZVOISCISS",
 
  "status": false
 },
 {
  "codeVoucher": "AMZVO21GTQ2",
 
  "status": false
 },
 {
  "codeVoucher": "AMZVOV106EX",
 
  "status": false
 },
 {
  "codeVoucher": "AMZVOK7KGJT",
 
  "status": false
 },
 {
  "codeVoucher": "AMZVO31HK2F",
 
  "status": false
 },
 {
  "codeVoucher": "AMZVOUEEEZQ",
 
  "status": false
 },
 {
  "codeVoucher": "AMZVO1PYQIM",
 
  "status": false
 },
 {
  "codeVoucher": "AMZVOONQIMK",
 
  "status": false
 },
 {
  "codeVoucher": "AMZVOGYZ5RA",
 
  "status": false
 },
 {
  "codeVoucher": "AMZVOAN1818",
 
  "status": false
 },
 {
  "codeVoucher": "AMZVOUUOLE5",
 
  "status": false
 },
 {
  "codeVoucher": "AMZVOWHTGMR",
 
  "status": false
 },
 {
  "codeVoucher": "AMZVORBGO54",
 
  "status": false
 },
 {
  "codeVoucher": "AMZVOLNB5XW",
 
  "status": false
 },
 {
  "codeVoucher": "AMZVOFZWDEL",
 
  "status": false
 },
 {
  "codeVoucher": "AMZVOVDVZGY",
 
  "status": false
 },
 {
  "codeVoucher": "AMZVOB35LIV",
 
  "status": false
 },
 {
  "codeVoucher": "AMZVOCYWERW",
 
  "status": false
 },
 {
  "codeVoucher": "AMZVOET6NQR",
 
  "status": false
 },
 {
  "codeVoucher": "AMZVO2AHWCV",
 
  "status": false
 },
 {
  "codeVoucher": "AMZVODQ9YS3",
 
  "status": false
 },
 {
  "codeVoucher": "AMZVO2WB9P1",
 
  "status": false
 },
 {
  "codeVoucher": "AMZVOYA0MM0",
 
  "status": false
 },
 {
  "codeVoucher": "AMZVOOZGZA0",
 
  "status": false
 },
 {
  "codeVoucher": "AMZVOLIWE6F",
 
  "status": false
 },
 {
  "codeVoucher": "AMZVORO1KI1",
 
  "status": false
 },
 {
  "codeVoucher": "AMZVOVOG3L5",
 
  "status": false
 },
 {
  "codeVoucher": "AMZVOQF7KZT",
 
  "status": false
 },
 {
  "codeVoucher": "AMZVO5CQWMZ",
 
  "status": false
 },
 {
  "codeVoucher": "AMZVOZF1358",
 
  "status": false
 },
 {
  "codeVoucher": "AMZVO3TS332",
 
  "status": false
 },
 {
  "codeVoucher": "AMZVO9R72Q1",
 
  "status": false
 },
 {
  "codeVoucher": "AMZVOPXX5JP",
 
  "status": false
 },
 {
  "codeVoucher": "AMZVOVJ6E6O",
 
  "status": false
 },
 {
  "codeVoucher": "AMZVOLHYQVU",
 
  "status": false
 },
 {
  "codeVoucher": "AMZVOM88OPB",
 
  "status": false
 },
 {
  "codeVoucher": "AMZVO3XLEKH",
 
  "status": false
 },
 {
  "codeVoucher": "AMZVOJDIUPE",
 
  "status": false
 },
 {
  "codeVoucher": "AMZVOJ606MC",
 
  "status": false
 },
 {
  "codeVoucher": "AMZVO20PRF1",
 
  "status": false
 },
 {
  "codeVoucher": "AMZVOLBOI77",
 
  "status": false
 },
 {
  "codeVoucher": "AMZVO5LMPTR",
 
  "status": false
 },
 {
  "codeVoucher": "AMZVOLAVW3F",
 
  "status": false
 },
 {
  "codeVoucher": "AMZVO2W6JU2",
 
  "status": false
 },
 {
  "codeVoucher": "AMZVO6II0US",
 
  "status": false
 },
 {
  "codeVoucher": "AMZVOUVX2R2",
 
  "status": false
 },
 {
  "codeVoucher": "AMZVO3AFKZD",
 
  "status": false
 },
 {
  "codeVoucher": "AMZVO23NJUM",
 
  "status": false
 },
 {
  "codeVoucher": "AMZVOOT8KAY",
 
  "status": false
 },
 {
  "codeVoucher": "AMZVOXCIPSL",
 
  "status": false
 },
 {
  "codeVoucher": "AMZVOHIHO2P",
 
  "status": false
 },
 {
  "codeVoucher": "AMZVOPDSJX5",
 
  "status": false
 },
 {
  "codeVoucher": "AMZVO1M9CXV",
 
  "status": false
 },
 {
  "codeVoucher": "AMZVOEXS0NE",
 
  "status": false
 },
 {
  "codeVoucher": "AMZVOF1ID0X",
 
  "status": false
 },
 {
  "codeVoucher": "AMZVOTA1GTX",
 
  "status": false
 },
 {
  "codeVoucher": "AMZVO3XSLDZ",
 
  "status": false
 },
 {
  "codeVoucher": "AMZVO6E5CTY",
 
  "status": false
 },
 {
  "codeVoucher": "AMZVOYVOWK5",
 
  "status": false
 },
 {
  "codeVoucher": "AMZVO3Q5CIA",
 
  "status": false
 },
 {
  "codeVoucher": "AMZVOGLN4ZX",
 
  "status": false
 },
 {
  "codeVoucher": "AMZVOEV2MJ9",
 
  "status": false
 },
 {
  "codeVoucher": "AMZVOD2T34I",
 
  "status": false
 },
 {
  "codeVoucher": "AMZVO8FC55U",
 
  "status": false
 },
 {
  "codeVoucher": "AMZVOFP0KWP",
 
  "status": false
 },
 {
  "codeVoucher": "AMZVOXEUDU0",
 
  "status": false
 },
 {
  "codeVoucher": "AMZVO1ELYXL",
 
  "status": false
 },
 {
  "codeVoucher": "AMZVO95S4YH",
 
  "status": false
 },
 {
  "codeVoucher": "AMZVORIBDFJ",
 
  "status": false
 },
 {
  "codeVoucher": "AMZVOC5CZ66",
 
  "status": false
 },
 {
  "codeVoucher": "AMZVOGLE1YE",
 
  "status": false
 },
 {
  "codeVoucher": "AMZVOCI2N01",
 
  "status": false
 },
 {
  "codeVoucher": "AMZVOPJS05A",
 
  "status": false
 },
 {
  "codeVoucher": "AMZVOCK1S3O",
 
  "status": false
 },
 {
  "codeVoucher": "AMZVODV3RVU",
 
  "status": false
 },
 {
  "codeVoucher": "AMZVOX1SBNV",
 
  "status": false
 },
 {
  "codeVoucher": "AMZVOPFCCLW",
 
  "status": false
 },
 {
  "codeVoucher": "AMZVOPL6LNS",
 
  "status": false
 },
 {
  "codeVoucher": "AMZVOI9ILYB",
 
  "status": false
 },
 {
  "codeVoucher": "AMZVOFWWKDH",
 
  "status": false
 },
 {
  "codeVoucher": "AMZVOG0QAUV",
 
  "status": false
 },
 {
  "codeVoucher": "AMZVOZ74EPE",
 
  "status": false
 },
 {
  "codeVoucher": "AMZVO17JBL7",
 
  "status": false
 },
 {
  "codeVoucher": "AMZVOW1HLIW",
 
  "status": false
 },
 {
  "codeVoucher": "AMZVOMMDR61",
 
  "status": false
 },
 {
  "codeVoucher": "AMZVOVVGIWT",
 
  "status": false
 },
 {
  "codeVoucher": "AMZVOD7HYE8",
 
  "status": false
 },
 {
  "codeVoucher": "AMZVOE3Z0EC",
 
  "status": false
 },
 {
  "codeVoucher": "AMZVOWV30TX",
 
  "status": false
 },
 {
  "codeVoucher": "AMZVOTWA3N4",
 
  "status": false
 },
 {
  "codeVoucher": "AMZVO8FEWYB",
 
  "status": false
 },
 {
  "codeVoucher": "AMZVODLZ12X",
 
  "status": false
 },
 {
  "codeVoucher": "AMZVO8TPQC2",
 
  "status": false
 },
 {
  "codeVoucher": "AMZVOPF40QI",
 
  "status": false
 },
 {
  "codeVoucher": "AMZVOL4CSY9",
 
  "status": false
 },
 {
  "codeVoucher": "AMZVOTJUN08",
 
  "status": false
 },
 {
  "codeVoucher": "AMZVO4SEXW2",
 
  "status": false
 },
 {
  "codeVoucher": "AMZVOM42G2A",
 
  "status": false
 },
 {
  "codeVoucher": "AMZVOHCUHNI",
 
  "status": false
 },
 {
  "codeVoucher": "AMZVO9IZ5K3",
 
  "status": false
 },
 {
  "codeVoucher": "AMZVO9UX0IS",
 
  "status": false
 },
 {
  "codeVoucher": "AMZVO7MCZT5",
 
  "status": false
 },
 {
  "codeVoucher": "AMZVOYIALTS",
 
  "status": false
 },
 {
  "codeVoucher": "AMZVONPGQFC",
 
  "status": false
 },
 {
  "codeVoucher": "AMZVOGBQN75",
 
  "status": false
 },
 {
  "codeVoucher": "AMZVODNAYP8",
 
  "status": false
 },
 {
  "codeVoucher": "AMZVORO72I8",
 
  "status": false
 },
 {
  "codeVoucher": "AMZVO3V8I41",
 
  "status": false
 },
 {
  "codeVoucher": "AMZVOI81KXK",
 
  "status": false
 },
 {
  "codeVoucher": "AMZVOTML5VG",
 
  "status": false
 },
 {
  "codeVoucher": "AMZVOIUPHVF",
 
  "status": false
 },
 {
  "codeVoucher": "AMZVO593C4F",
 
  "status": false
 },
 {
  "codeVoucher": "AMZVOQ0VPZ9",
 
  "status": false
 },
 {
  "codeVoucher": "AMZVOBQ6KIF",
 
  "status": false
 },
 {
  "codeVoucher": "AMZVO7RC2EU",
 
  "status": false
 },
 {
  "codeVoucher": "AMZVOTJV8VD",
 
  "status": false
 },
 {
  "codeVoucher": "AMZVOPQZ0Y4",
 
  "status": false
 },
 {
  "codeVoucher": "AMZVOVSMQUK",
 
  "status": false
 },
 {
  "codeVoucher": "AMZVOUQWGG6",
 
  "status": false
 },
 {
  "codeVoucher": "AMZVOP0PHPO",
 
  "status": false
 },
 {
  "codeVoucher": "AMZVOGFQGL6",
 
  "status": false
 },
 {
  "codeVoucher": "AMZVOLSES9J",
 
  "status": false
 },
 {
  "codeVoucher": "AMZVOJK2BZ0",
 
  "status": false
 },
 {
  "codeVoucher": "AMZVO2Q71IY",
 
  "status": false
 },
 {
  "codeVoucher": "AMZVOPVT5SK",
 
  "status": false
 },
 {
  "codeVoucher": "AMZVOSSD1S0",
 
  "status": false
 },
 {
  "codeVoucher": "AMZVOO9JB3P",
 
  "status": false
 },
 {
  "codeVoucher": "AMZVOCMSC97",
 
  "status": false
 },
 {
  "codeVoucher": "AMZVOHI1OTD",
 
  "status": false
 },
 {
  "codeVoucher": "AMZVO42IQYX",
 
  "status": false
 },
 {
  "codeVoucher": "AMZVOJBXPM6",
 
  "status": false
 },
 {
  "codeVoucher": "AMZVOVXUX50",
 
  "status": false
 },
 {
  "codeVoucher": "AMZVONNHSWA",
 
  "status": false
 },
 {
  "codeVoucher": "AMZVODNWVYK",
 
  "status": false
 },
 {
  "codeVoucher": "AMZVOSD8A6Z",
 
  "status": false
 },
 {
  "codeVoucher": "AMZVOR8KW12",
 
  "status": false
 },
 {
  "codeVoucher": "AMZVO2W9WQL",
 
  "status": false
 },
 {
  "codeVoucher": "AMZVOMTNABG",
 
  "status": false
 },
 {
  "codeVoucher": "AMZVO5MGHNL",
 
  "status": false
 },
 {
  "codeVoucher": "AMZVOAYMM6J",
 
  "status": false
 },
 {
  "codeVoucher": "AMZVO8V04G6",
 
  "status": false
 },
 {
  "codeVoucher": "AMZVOGRP579",
 
  "status": false
 },
 {
  "codeVoucher": "AMZVOCZ03FJ",
 
  "status": false
 },
 {
  "codeVoucher": "AMZVO2TQUTG",
 
  "status": false
 },
 {
  "codeVoucher": "AMZVO9TRA1U",
 
  "status": false
 },
 {
  "codeVoucher": "AMZVORIU9LQ",
 
  "status": false
 },
 {
  "codeVoucher": "AMZVODS41V2",
 
  "status": false
 },
 {
  "codeVoucher": "AMZVOH71OAV",
 
  "status": false
 },
 {
  "codeVoucher": "AMZVORRB8E2",
 
  "status": false
 },
 {
  "codeVoucher": "AMZVORVCEI3",
 
  "status": false
 },
 {
  "codeVoucher": "AMZVO7FZ5OZ",
 
  "status": false
 },
 {
  "codeVoucher": "AMZVOPDOJZX",
 
  "status": false
 },
 {
  "codeVoucher": "AMZVOPB7YNV",
 
  "status": false
 },
 {
  "codeVoucher": "AMZVOGMG43P",
 
  "status": false
 },
 {
  "codeVoucher": "AMZVO1IDTCT",
 
  "status": false
 },
 {
  "codeVoucher": "AMZVOD06WYO",
 
  "status": false
 },
 {
  "codeVoucher": "AMZVO9GV9GP",
 
  "status": false
 },
 {
  "codeVoucher": "AMZVOUGVC49",
 
  "status": false
 },
 {
  "codeVoucher": "AMZVOI3I6R8",
 
  "status": false
 },
 {
  "codeVoucher": "AMZVOK0HN5N",
 
  "status": false
 },
 {
  "codeVoucher": "AMZVOW2JC1Z",
 
  "status": false
 },
 {
  "codeVoucher": "AMZVOF57SCO",
 
  "status": false
 },
 {
  "codeVoucher": "AMZVO0HF1JX",
 
  "status": false
 },
 {
  "codeVoucher": "AMZVO3YNDLI",
 
  "status": false
 },
 {
  "codeVoucher": "AMZVOLHI7L7",
 
  "status": false
 },
 {
  "codeVoucher": "AMZVOGVLIMO",
 
  "status": false
 },
 {
  "codeVoucher": "AMZVO7HCOKT",
 
  "status": false
 },
 {
  "codeVoucher": "AMZVOEFYUE9",
 
  "status": false
 },
 {
  "codeVoucher": "AMZVOOS5MCL",
 
  "status": false
 },
 {
  "codeVoucher": "AMZVOODTAGH",
 
  "status": false
 },
 {
  "codeVoucher": "AMZVO6O8PQZ",
 
  "status": false
 },
 {
  "codeVoucher": "AMZVOH2UGPW",
 
  "status": false
 },
 {
  "codeVoucher": "AMZVO6KSHOA",
 
  "status": false
 },
 {
  "codeVoucher": "AMZVOJ9G4JV",
 
  "status": false
 },
 {
  "codeVoucher": "AMZVO4M4OT6",
 
  "status": false
 },
 {
  "codeVoucher": "AMZVO57B4R6",
 
  "status": false
 },
 {
  "codeVoucher": "AMZVOVYY8ML",
 
  "status": false
 },
 {
  "codeVoucher": "AMZVOOHDIP1",
 
  "status": false
 },
 {
  "codeVoucher": "AMZVO3HZS0G",
 
  "status": false
 },
 {
  "codeVoucher": "AMZVOBBEMVE",
 
  "status": false
 },
 {
  "codeVoucher": "AMZVO53IYLR",
 
  "status": false
 },
 {
  "codeVoucher": "AMZVOUB2WVZ",
 
  "status": false
 },
 {
  "codeVoucher": "AMZVOLLW4QB",
 
  "status": false
 },
 {
  "codeVoucher": "AMZVORV6CVM",
 
  "status": false
 },
 {
  "codeVoucher": "AMZVOFYI1U2",
 
  "status": false
 },
 {
  "codeVoucher": "AMZVOEN1PHD",
 
  "status": false
 },
 {
  "codeVoucher": "AMZVOFNWAO9",
 
  "status": false
 },
 {
  "codeVoucher": "AMZVOW5EVD5",
 
  "status": false
 },
 {
  "codeVoucher": "AMZVO7VELWJ",
 
  "status": false
 },
 {
  "codeVoucher": "AMZVOJKT4T9",
 
  "status": false
 },
 {
  "codeVoucher": "AMZVO5ZL0EF",
 
  "status": false
 },
 {
  "codeVoucher": "AMZVOVY70S0",
 
  "status": false
 },
 {
  "codeVoucher": "AMZVOBCFEW8",
 
  "status": false
 },
 {
  "codeVoucher": "AMZVO0UVN39",
 
  "status": false
 },
 {
  "codeVoucher": "AMZVOY21SF7",
 
  "status": false
 },
 {
  "codeVoucher": "AMZVOTK3XEZ",
 
  "status": false
 },
 {
  "codeVoucher": "AMZVOY6089O",
 
  "status": false
 },
 {
  "codeVoucher": "AMZVOLJ4SO9",
 
  "status": false
 },
 {
  "codeVoucher": "AMZVO0TNX76",
 
  "status": false
 },
 {
  "codeVoucher": "AMZVO6JUF7I",
 
  "status": false
 },
 {
  "codeVoucher": "AMZVOP9O8TE",
 
  "status": false
 },
 {
  "codeVoucher": "AMZVO4JS4AE",
 
  "status": false
 },
 {
  "codeVoucher": "AMZVODU30Q5",
 
  "status": false
 },
 {
  "codeVoucher": "AMZVOCKF54F",
 
  "status": false
 },
 {
  "codeVoucher": "AMZVOEY9GB0",
 
  "status": false
 },
 {
  "codeVoucher": "AMZVOJH903O",
 
  "status": false
 },
 {
  "codeVoucher": "AMZVOTMZZXE",
 
  "status": false
 },
 {
  "codeVoucher": "AMZVOQ5SJTN",
 
  "status": false
 },
 {
  "codeVoucher": "AMZVODF3YDX",
 
  "status": false
 },
 {
  "codeVoucher": "AMZVODTEI35",
 
  "status": false
 },
 {
  "codeVoucher": "AMZVOYDRZHA",
 
  "status": false
 },
 {
  "codeVoucher": "AMZVOVWLBV0",
 
  "status": false
 },
 {
  "codeVoucher": "AMZVOETBHJV",
 
  "status": false
 },
 {
  "codeVoucher": "AMZVO7597VU",
 
  "status": false
 },
 {
  "codeVoucher": "AMZVOYO6ZFZ",
 
  "status": false
 },
 {
  "codeVoucher": "AMZVOTH3Z3K",
 
  "status": false
 },
 {
  "codeVoucher": "AMZVOEYUI2J",
 
  "status": false
 },
 {
  "codeVoucher": "AMZVOFM9V7C",
 
  "status": false
 },
 {
  "codeVoucher": "AMZVOXHSBSP",
 
  "status": false
 },
 {
  "codeVoucher": "AMZVOX0R7A2",
 
  "status": false
 },
 {
  "codeVoucher": "AMZVOD6QVRO",
 
  "status": false
 },
 {
  "codeVoucher": "AMZVO7O00DU",
 
  "status": false
 },
 {
  "codeVoucher": "AMZVOBYC02J",
 
  "status": false
 },
 {
  "codeVoucher": "AMZVOUDR4B8",
 
  "status": false
 },
 {
  "codeVoucher": "AMZVOHSYNBC",
 
  "status": false
 },
 {
  "codeVoucher": "AMZVO2GY1E6",
 
  "status": false
 },
 {
  "codeVoucher": "AMZVO2T4VYS",
 
  "status": false
 },
 {
  "codeVoucher": "AMZVOL7D7A3",
 
  "status": false
 },
 {
  "codeVoucher": "AMZVON78IN7",
 
  "status": false
 },
 {
  "codeVoucher": "AMZVOGT26FK",
 
  "status": false
 },
 {
  "codeVoucher": "AMZVOZ6VRIF",
 
  "status": false
 },
 {
  "codeVoucher": "AMZVOO2PCJV",
 
  "status": false
 },
 {
  "codeVoucher": "AMZVO4ISYEH",
 
  "status": false
 },
 {
  "codeVoucher": "AMZVOP9XUTD",
 
  "status": false
 },
 {
  "codeVoucher": "AMZVODX1XTA",
 
  "status": false
 },
 {
  "codeVoucher": "AMZVOG2II5R",
 
  "status": false
 },
 {
  "codeVoucher": "AMZVOCP3XMG",
 
  "status": false
 },
 {
  "codeVoucher": "AMZVOJ5O9FB",
 
  "status": false
 },
 {
  "codeVoucher": "AMZVOPSOURG",
 
  "status": false
 },
 {
  "codeVoucher": "AMZVOXEMSOV",
 
  "status": false
 },
 {
  "codeVoucher": "AMZVOO1JO5R",
 
  "status": false
 },
 {
  "codeVoucher": "AMZVONVMBVY",
 
  "status": false
 },
 {
  "codeVoucher": "AMZVOO1WQKX",
 
  "status": false
 },
 {
  "codeVoucher": "AMZVOXOFHGS",
 
  "status": false
 },
 {
  "codeVoucher": "AMZVOF8SQLA",
 
  "status": false
 },
 {
  "codeVoucher": "AMZVOEQJEB3",
 
  "status": false
 },
 {
  "codeVoucher": "AMZVOKQU1CE",
 
  "status": false
 },
 {
  "codeVoucher": "AMZVO781SYA",
 
  "status": false
 },
 {
  "codeVoucher": "AMZVOXVND4T",
 
  "status": false
 },
 {
  "codeVoucher": "AMZVOUCE679",
 
  "status": false
 },
 {
  "codeVoucher": "AMZVONOH5GA",
 
  "status": false
 },
 {
  "codeVoucher": "AMZVOT8B89N",
 
  "status": false
 },
 {
  "codeVoucher": "AMZVO36MBJH",
 
  "status": false
 },
 {
  "codeVoucher": "AMZVO0WJR2Z",
 
  "status": false
 },
 {
  "codeVoucher": "AMZVOWAV0T9",
 
  "status": false
 },
 {
  "codeVoucher": "AMZVOZNTUNY",
 
  "status": false
 },
 {
  "codeVoucher": "AMZVO7C219Z",
 
  "status": false
 },
 {
  "codeVoucher": "AMZVO8YV9J8",
 
  "status": false
 },
 {
  "codeVoucher": "AMZVOZ2R8P8",
 
  "status": false
 },
 {
  "codeVoucher": "AMZVOE9TO3O",
 
  "status": false
 },
 {
  "codeVoucher": "AMZVOEHB351",
 
  "status": false
 },
 {
  "codeVoucher": "AMZVORNW33D",
 
  "status": false
 },
 {
  "codeVoucher": "AMZVOEFWL8D",
 
  "status": false
 },
 {
  "codeVoucher": "AMZVOYMYSL4",
 
  "status": false
 },
 {
  "codeVoucher": "AMZVOUL2JSL",
 
  "status": false
 },
 {
  "codeVoucher": "AMZVOZEUWS0",
 
  "status": false
 },
 {
  "codeVoucher": "AMZVOZE4PA7",
 
  "status": false
 },
 {
  "codeVoucher": "AMZVOO58N4K",
 
  "status": false
 },
 {
  "codeVoucher": "AMZVOL2BP0R",
 
  "status": false
 },
 {
  "codeVoucher": "AMZVOZW5GIU",
 
  "status": false
 },
 {
  "codeVoucher": "AMZVO8H4LDY",
 
  "status": false
 },
 {
  "codeVoucher": "AMZVOTRX6W3",
 
  "status": false
 },
 {
  "codeVoucher": "AMZVOIIL1DP",
 
  "status": false
 },
 {
  "codeVoucher": "AMZVO5HQS70",
 
  "status": false
 },
 {
  "codeVoucher": "AMZVOJKOC76",
 
  "status": false
 },
 {
  "codeVoucher": "AMZVO4S6KQ2",
 
  "status": false
 },
 {
  "codeVoucher": "AMZVODD2K4N",
 
  "status": false
 },
 {
  "codeVoucher": "AMZVOP6TPQ4",
 
  "status": false
 },
 {
  "codeVoucher": "AMZVOEYFSUD",
 
  "status": false
 },
 {
  "codeVoucher": "AMZVO0RX0BA",
 
  "status": false
 },
 {
  "codeVoucher": "AMZVOLU31BN",
 
  "status": false
 },
 {
  "codeVoucher": "AMZVOQ04GW2",
 
  "status": false
 },
 {
  "codeVoucher": "AMZVOBPLFP2",
 
  "status": false
 },
 {
  "codeVoucher": "AMZVO6GGLA2",
 
  "status": false
 },
 {
  "codeVoucher": "AMZVOE8DHSG",
 
  "status": false
 },
 {
  "codeVoucher": "AMZVO5NJXOY",
 
  "status": false
 },
 {
  "codeVoucher": "AMZVOIY5F9Z",
 
  "status": false
 },
 {
  "codeVoucher": "AMZVOA8CMRE",
 
  "status": false
 },
 {
  "codeVoucher": "AMZVO2UC545",
 
  "status": false
 },
 {
  "codeVoucher": "AMZVO3AUBWC",
 
  "status": false
 },
 {
  "codeVoucher": "AMZVOJIIXLI",
 
  "status": false
 },
 {
  "codeVoucher": "AMZVOTOAW70",
 
  "status": false
 },
 {
  "codeVoucher": "AMZVO70HRLB",
 
  "status": false
 },
 {
  "codeVoucher": "AMZVOTU9E9O",
 
  "status": false
 },
 {
  "codeVoucher": "AMZVOSUNDA3",
 
  "status": false
 },
 {
  "codeVoucher": "AMZVODU95UZ",
 
  "status": false
 },
 {
  "codeVoucher": "AMZVON9HB4K",
 
  "status": false
 },
 {
  "codeVoucher": "AMZVO9KJ7MS",
 
  "status": false
 },
 {
  "codeVoucher": "AMZVOPUHQN4",
 
  "status": false
 },
 {
  "codeVoucher": "AMZVOOJHZX8",
 
  "status": false
 },
 {
  "codeVoucher": "AMZVOMMGYXS",
 
  "status": false
 },
 {
  "codeVoucher": "AMZVOZKCSB1",
 
  "status": false
 },
 {
  "codeVoucher": "AMZVO9SZZEY",
 
  "status": false
 },
 {
  "codeVoucher": "AMZVOFUH5YP",
 
  "status": false
 },
 {
  "codeVoucher": "AMZVOWWGERK",
 
  "status": false
 },
 {
  "codeVoucher": "AMZVORXLJYS",
 
  "status": false
 },
 {
  "codeVoucher": "AMZVODLX0IB",
 
  "status": false
 },
 {
  "codeVoucher": "AMZVOENQX2D",
 
  "status": false
 },
 {
  "codeVoucher": "AMZVOIT5UK0",
 
  "status": false
 },
 {
  "codeVoucher": "AMZVOWG8CMP",
 
  "status": false
 },
 {
  "codeVoucher": "AMZVOL8RX1Q",
 
  "status": false
 },
 {
  "codeVoucher": "AMZVO6YA025",
 
  "status": false
 },
 {
  "codeVoucher": "AMZVO3TIJ5A",
 
  "status": false
 },
 {
  "codeVoucher": "AMZVOG4KVHG",
 
  "status": false
 },
 {
  "codeVoucher": "AMZVOGJQUBR",
 
  "status": false
 },
 {
  "codeVoucher": "AMZVOVE656K",
 
  "status": false
 },
 {
  "codeVoucher": "AMZVO4QW90E",
 
  "status": false
 },
 {
  "codeVoucher": "AMZVODS1A10",
 
  "status": false
 },
 {
  "codeVoucher": "AMZVORNK86R",
 
  "status": false
 },
 {
  "codeVoucher": "AMZVOFZ1KQR",
 
  "status": false
 },
 {
  "codeVoucher": "AMZVOALWTEX",
 
  "status": false
 },
 {
  "codeVoucher": "AMZVO97X7OO",
 
  "status": false
 },
 {
  "codeVoucher": "AMZVOOGEFSZ",
 
  "status": false
 },
 {
  "codeVoucher": "AMZVOPGS0CY",
 
  "status": false
 },
 {
  "codeVoucher": "AMZVOGWIO0H",
 
  "status": false
 },
 {
  "codeVoucher": "AMZVOGXDPMB",
 
  "status": false
 },
 {
  "codeVoucher": "AMZVOZCG1RN",
 
  "status": false
 },
 {
  "codeVoucher": "AMZVOR3F90J",
 
  "status": false
 },
 {
  "codeVoucher": "AMZVORG8G7B",
 
  "status": false
 },
 {
  "codeVoucher": "AMZVOGE5NLM",
 
  "status": false
 },
 {
  "codeVoucher": "AMZVOIQ8JCT",
 
  "status": false
 },
 {
  "codeVoucher": "AMZVO2S6368",
 
  "status": false
 },
 {
  "codeVoucher": "AMZVOC3JYT5",
 
  "status": false
 },
 {
  "codeVoucher": "AMZVO9Y4F1S",
 
  "status": false
 },
 {
  "codeVoucher": "AMZVOT9ZCIH",
 
  "status": false
 },
 {
  "codeVoucher": "AMZVOGM04SA",
 
  "status": false
 },
 {
  "codeVoucher": "AMZVOPH0VHH",
 
  "status": false
 },
 {
  "codeVoucher": "AMZVOMXKAEE",
 
  "status": false
 },
 {
  "codeVoucher": "AMZVO1SVANX",
 
  "status": false
 },
 {
  "codeVoucher": "AMZVORDZQ0C",
 
  "status": false
 },
 {
  "codeVoucher": "AMZVO40KYXU",
 
  "status": false
 },
 {
  "codeVoucher": "AMZVOHILIJM",
 
  "status": false
 },
 {
  "codeVoucher": "AMZVOB3S0MP",
 
  "status": false
 },
 {
  "codeVoucher": "AMZVOLATGUM",
 
  "status": false
 },
 {
  "codeVoucher": "AMZVOEI5N0W",
 
  "status": false
 },
 {
  "codeVoucher": "AMZVO0R4CN9",
 
  "status": false
 },
 {
  "codeVoucher": "AMZVO8CJ1ST",
 
  "status": false
 },
 {
  "codeVoucher": "AMZVOJ6WRQW",
 
  "status": false
 },
 {
  "codeVoucher": "AMZVOG5YRWH",
 
  "status": false
 },
 {
  "codeVoucher": "AMZVOCEOHAI",
 
  "status": false
 },
 {
  "codeVoucher": "AMZVOCM5YRN",
 
  "status": false
 },
 {
  "codeVoucher": "AMZVO28PS1J",
 
  "status": false
 },
 {
  "codeVoucher": "AMZVOFUS97X",
 
  "status": false
 },
 {
  "codeVoucher": "AMZVOZX1JH5",
 
  "status": false
 },
 {
  "codeVoucher": "AMZVO7I5WAJ",
 
  "status": false
 },
 {
  "codeVoucher": "AMZVOU0CAYF",
 
  "status": false
 },
 {
  "codeVoucher": "AMZVOYUOJYR",
 
  "status": false
 },
 {
  "codeVoucher": "AMZVOC6DHE1",
 
  "status": false
 },
 {
  "codeVoucher": "AMZVOH8ZFIN",
 
  "status": false
 },
 {
  "codeVoucher": "AMZVOCQDS7G",
 
  "status": false
 },
 {
  "codeVoucher": "AMZVOEXYJZG",
 
  "status": false
 },
 {
  "codeVoucher": "AMZVOCIHDAI",
 
  "status": false
 },
 {
  "codeVoucher": "AMZVO4HZXC6",
 
  "status": false
 },
 {
  "codeVoucher": "AMZVOIGIH1N",
 
  "status": false
 },
 {
  "codeVoucher": "AMZVOT9ZV8W",
 
  "status": false
 },
 {
  "codeVoucher": "AMZVO799EQB",
 
  "status": false
 },
 {
  "codeVoucher": "AMZVO33G7E5",
 
  "status": false
 },
 {
  "codeVoucher": "AMZVOUD8RLB",
 
  "status": false
 },
 {
  "codeVoucher": "AMZVOXPOGJ1",
 
  "status": false
 },
 {
  "codeVoucher": "AMZVO876KZZ",
 
  "status": false
 },
 {
  "codeVoucher": "AMZVORQJUGA",
 
  "status": false
 },
 {
  "codeVoucher": "AMZVOIZ0Y4I",
 
  "status": false
 },
 {
  "codeVoucher": "AMZVOZLBMWX",
 
  "status": false
 },
 {
  "codeVoucher": "AMZVOPCYY8T",
 
  "status": false
 },
 {
  "codeVoucher": "AMZVOI0ZIFT",
 
  "status": false
 },
 {
  "codeVoucher": "AMZVOESERPY",
 
  "status": false
 },
 {
  "codeVoucher": "AMZVOVA77IV",
 
  "status": false
 },
 {
  "codeVoucher": "AMZVOK8UFQ8",
 
  "status": false
 },
 {
  "codeVoucher": "AMZVO0WKI5W",
 
  "status": false
 },
 {
  "codeVoucher": "AMZVOPO8IE5",
 
  "status": false
 },
 {
  "codeVoucher": "AMZVO4YLB3T",
 
  "status": false
 },
 {
  "codeVoucher": "AMZVO9A5PAQ",
 
  "status": false
 },
 {
  "codeVoucher": "AMZVOZYZTUX",
 
  "status": false
 },
 {
  "codeVoucher": "AMZVOZBJ3FQ",
 
  "status": false
 },
 {
  "codeVoucher": "AMZVO71JZ6M",
 
  "status": false
 },
 {
  "codeVoucher": "AMZVOJ4YKSV",
 
  "status": false
 },
 {
  "codeVoucher": "AMZVO1HJNCK",
 
  "status": false
 },
 {
  "codeVoucher": "AMZVOR5LA2I",
 
  "status": false
 },
 {
  "codeVoucher": "AMZVOV54LTD",
 
  "status": false
 },
 {
  "codeVoucher": "AMZVOWBS4EB",
 
  "status": false
 },
 {
  "codeVoucher": "AMZVOJKDSGF",
 
  "status": false
 },
 {
  "codeVoucher": "AMZVO2OFE2M",
 
  "status": false
 },
 {
  "codeVoucher": "AMZVONM98MJ",
 
  "status": false
 },
 {
  "codeVoucher": "AMZVOF79BDA",
 
  "status": false
 },
 {
  "codeVoucher": "AMZVOR7LVYR",
 
  "status": false
 },
 {
  "codeVoucher": "AMZVOLXZ3L0",
 
  "status": false
 },
 {
  "codeVoucher": "AMZVOWVCMSQ",
 
  "status": false
 },
 {
  "codeVoucher": "AMZVOO3U4IF",
 
  "status": false
 },
 {
  "codeVoucher": "AMZVOHFQHGW",
 
  "status": false
 },
 {
  "codeVoucher": "AMZVOELO978",
 
  "status": false
 },
 {
  "codeVoucher": "AMZVOBWOPH0",
 
  "status": false
 },
 {
  "codeVoucher": "AMZVOFVCX89",
 
  "status": false
 },
 {
  "codeVoucher": "AMZVOP1N8KC",
 
  "status": false
 },
 {
  "codeVoucher": "AMZVOIY5IQB",
 
  "status": false
 },
 {
  "codeVoucher": "AMZVOFERCZA",
 
  "status": false
 },
 {
  "codeVoucher": "AMZVOMWYDK6",
 
  "status": false
 },
 {
  "codeVoucher": "AMZVOB9W3ZW",
 
  "status": false
 },
 {
  "codeVoucher": "AMZVODUGR2P",
 
  "status": false
 },
 {
  "codeVoucher": "AMZVOJGAL1I",
 
  "status": false
 },
 {
  "codeVoucher": "AMZVOD3GNJC",
 
  "status": false
 },
 {
  "codeVoucher": "AMZVOJC6CKM",
 
  "status": false
 },
 {
  "codeVoucher": "AMZVOLLRR6L",
 
  "status": false
 },
 {
  "codeVoucher": "AMZVO5KK5SZ",
 
  "status": false
 },
 {
  "codeVoucher": "AMZVO2Z9V0C",
 
  "status": false
 },
 {
  "codeVoucher": "AMZVOD6UTCJ",
 
  "status": false
 },
 {
  "codeVoucher": "AMZVO8BOUDB",
 
  "status": false
 },
 {
  "codeVoucher": "AMZVO7MGGAG",
 
  "status": false
 },
 {
  "codeVoucher": "AMZVOHHVNMG",
 
  "status": false
 },
 {
  "codeVoucher": "AMZVORKTUB1",
 
  "status": false
 },
 {
  "codeVoucher": "AMZVO7GLRG7",
 
  "status": false
 },
 {
  "codeVoucher": "AMZVON1PJ9Z",
 
  "status": false
 },
 {
  "codeVoucher": "AMZVOYLHI8G",
 
  "status": false
 },
 {
  "codeVoucher": "AMZVOTWZ3NS",
 
  "status": false
 },
 {
  "codeVoucher": "AMZVOQ0UNC2",
 
  "status": false
 },
 {
  "codeVoucher": "AMZVO0OAWW6",
 
  "status": false
 },
 {
  "codeVoucher": "AMZVOZPFJ3I",
 
  "status": false
 },
 {
  "codeVoucher": "AMZVO17I5YB",
 
  "status": false
 },
 {
  "codeVoucher": "AMZVO8IMMAP",
 
  "status": false
 },
 {
  "codeVoucher": "AMZVOCE23AQ",
 
  "status": false
 },
 {
  "codeVoucher": "AMZVOM9ZXTU",
 
  "status": false
 },
 {
  "codeVoucher": "AMZVOZBZKTS",
 
  "status": false
 },
 {
  "codeVoucher": "AMZVOAK3QCQ",
 
  "status": false
 },
 {
  "codeVoucher": "AMZVOKUBTO4",
 
  "status": false
 },
 {
  "codeVoucher": "AMZVOPNNUUR",
 
  "status": false
 },
 {
  "codeVoucher": "AMZVOE6OZ63",
 
  "status": false
 },
 {
  "codeVoucher": "AMZVOTDOXGW",
 
  "status": false
 },
 {
  "codeVoucher": "AMZVOOSIOSF",
 
  "status": false
 },
 {
  "codeVoucher": "AMZVOP2VZ9B",
 
  "status": false
 },
 {
  "codeVoucher": "AMZVOF8JP90",
 
  "status": false
 },
 {
  "codeVoucher": "AMZVOXQ1TKW",
 
  "status": false
 },
 {
  "codeVoucher": "AMZVOPE9BQQ",
 
  "status": false
 },
 {
  "codeVoucher": "AMZVO9C9QWN",
 
  "status": false
 },
 {
  "codeVoucher": "AMZVO9PVWES",
 
  "status": false
 },
 {
  "codeVoucher": "AMZVOHA0TWE",
 
  "status": false
 },
 {
  "codeVoucher": "AMZVO89498X",
 
  "status": false
 },
 {
  "codeVoucher": "AMZVO15HW9N",
 
  "status": false
 },
 {
  "codeVoucher": "AMZVOFNMF06",
 
  "status": false
 },
 {
  "codeVoucher": "AMZVOCZM6PU",
 
  "status": false
 },
 {
  "codeVoucher": "AMZVOFBLJLJ",
 
  "status": false
 },
 {
  "codeVoucher": "AMZVO55R5DR",
 
  "status": false
 },
 {
  "codeVoucher": "AMZVOWADMZ1",
 
  "status": false
 },
 {
  "codeVoucher": "AMZVOFMQIQ1",
 
  "status": false
 },
 {
  "codeVoucher": "AMZVOGCK4R7",
 
  "status": false
 },
 {
  "codeVoucher": "AMZVO2CUK47",
 
  "status": false
 },
 {
  "codeVoucher": "AMZVOLST81D",
 
  "status": false
 },
 {
  "codeVoucher": "AMZVO8218SY",
 
  "status": false
 },
 {
  "codeVoucher": "AMZVO8SOZ1Z",
 
  "status": false
 },
 {
  "codeVoucher": "AMZVOKBMNNU",
 
  "status": false
 },
 {
  "codeVoucher": "AMZVO3YOK3Z",
 
  "status": false
 },
 {
  "codeVoucher": "AMZVOUQBOQK",
 
  "status": false
 },
 {
  "codeVoucher": "AMZVOCBGZY6",
 
  "status": false
 },
 {
  "codeVoucher": "AMZVOEY67J0",
 
  "status": false
 },
 {
  "codeVoucher": "AMZVOGX0P3H",
 
  "status": false
 },
 {
  "codeVoucher": "AMZVOTAJ9ZF",
 
  "status": false
 },
 {
  "codeVoucher": "AMZVONY8BNB",
 
  "status": false
 },
 {
  "codeVoucher": "AMZVOXUCDW0",
 
  "status": false
 },
 {
  "codeVoucher": "AMZVOTUNPIZ",
 
  "status": false
 },
 {
  "codeVoucher": "AMZVOX6OXDG",
 
  "status": false
 },
 {
  "codeVoucher": "AMZVO8FX34P",
 
  "status": false
 },
 {
  "codeVoucher": "AMZVOADMBM9",
 
  "status": false
 },
 {
  "codeVoucher": "AMZVO7CK4KZ",
 
  "status": false
 },
 {
  "codeVoucher": "AMZVOYCAA5I",
 
  "status": false
 },
 {
  "codeVoucher": "AMZVO3D2UL3",
 
  "status": false
 },
 {
  "codeVoucher": "AMZVO0ZU2DI",
 
  "status": false
 },
 {
  "codeVoucher": "AMZVOO3ZWDT",
 
  "status": false
 },
 {
  "codeVoucher": "AMZVO9GHE5Z",
 
  "status": false
 },
 {
  "codeVoucher": "AMZVOF4TG6S",
 
  "status": false
 },
 {
  "codeVoucher": "AMZVO2RGPDE",
 
  "status": false
 },
 {
  "codeVoucher": "AMZVO66X7FT",
 
  "status": false
 },
 {
  "codeVoucher": "AMZVOUC06IL",
 
  "status": false
 },
 {
  "codeVoucher": "AMZVO2FUJV0",
 
  "status": false
 },
 {
  "codeVoucher": "AMZVOX9Q3UE",
 
  "status": false
 },
 {
  "codeVoucher": "AMZVO44L3HZ",
 
  "status": false
 },
 {
  "codeVoucher": "AMZVOL0CVZ9",
 
  "status": false
 },
 {
  "codeVoucher": "AMZVODBAYT3",
 
  "status": false
 },
 {
  "codeVoucher": "AMZVO9JVIO1",
 
  "status": false
 },
 {
  "codeVoucher": "AMZVO7S5P2E",
 
  "status": false
 },
 {
  "codeVoucher": "AMZVOYDLTCL",
 
  "status": false
 },
 {
  "codeVoucher": "AMZVOH04AUS",
 
  "status": false
 },
 {
  "codeVoucher": "AMZVOIGPVGT",
 
  "status": false
 },
 {
  "codeVoucher": "AMZVOZ8PX4L",
 
  "status": false
 },
 {
  "codeVoucher": "AMZVOSWPU6Y",
 
  "status": false
 },
 {
  "codeVoucher": "AMZVO35786W",
 
  "status": false
 },
 {
  "codeVoucher": "AMZVOXU9ZQ3",
 
  "status": false
 },
 {
  "codeVoucher": "AMZVO88YD9I",
 
  "status": false
 },
 {
  "codeVoucher": "AMZVOLLML03",
 
  "status": false
 },
 {
  "codeVoucher": "AMZVOYBJAAQ",
 
  "status": false
 },
 {
  "codeVoucher": "AMZVO5X4GHZ",
 
  "status": false
 },
 {
  "codeVoucher": "AMZVOUKJ37W",
 
  "status": false
 },
 {
  "codeVoucher": "AMZVOUASWY5",
 
  "status": false
 },
 {
  "codeVoucher": "AMZVOWPWHIU",
 
  "status": false
 },
 {
  "codeVoucher": "AMZVOMREEJ5",
 
  "status": false
 },
 {
  "codeVoucher": "AMZVONXTT32",
 
  "status": false
 },
 {
  "codeVoucher": "AMZVO81KJBM",
 
  "status": false
 },
 {
  "codeVoucher": "AMZVOLAF7UY",
 
  "status": false
 },
 {
  "codeVoucher": "AMZVO4WRIAK",
 
  "status": false
 },
 {
  "codeVoucher": "AMZVOWG12RC",
 
  "status": false
 },
 {
  "codeVoucher": "AMZVO4LQAH6",
 
  "status": false
 },
 {
  "codeVoucher": "AMZVOMEKYV7",
 
  "status": false
 },
 {
  "codeVoucher": "AMZVO407XG4",
 
  "status": false
 },
 {
  "codeVoucher": "AMZVOF844X2",
 
  "status": false
 },
 {
  "codeVoucher": "AMZVOBO5J3D",
 
  "status": false
 },
 {
  "codeVoucher": "AMZVOIFKHO0",
 
  "status": false
 },
 {
  "codeVoucher": "AMZVO5L2IUQ",
 
  "status": false
 },
 {
  "codeVoucher": "AMZVONFBTOK",
 
  "status": false
 },
 {
  "codeVoucher": "AMZVON997WT",
 
  "status": false
 },
 {
  "codeVoucher": "AMZVOIAYX93",
 
  "status": false
 },
 {
  "codeVoucher": "AMZVOBCKHPP",
 
  "status": false
 },
 {
  "codeVoucher": "AMZVOXXLH15",
 
  "status": false
 },
 {
  "codeVoucher": "AMZVOB7NORR",
 
  "status": false
 },
 {
  "codeVoucher": "AMZVO1RAU64",
 
  "status": false
 },
 {
  "codeVoucher": "AMZVODLS09O",
 
  "status": false
 },
 {
  "codeVoucher": "AMZVOBIL9GR",
 
  "status": false
 },
 {
  "codeVoucher": "AMZVOFFZW61",
 
  "status": false
 },
 {
  "codeVoucher": "AMZVO8LIYWU",
 
  "status": false
 },
 {
  "codeVoucher": "AMZVOREA2NS",
 
  "status": false
 },
 {
  "codeVoucher": "AMZVOBTV6LM",
 
  "status": false
 },
 {
  "codeVoucher": "AMZVOR7QZNT",
 
  "status": false
 },
 {
  "codeVoucher": "AMZVO78BDRH",
 
  "status": false
 },
 {
  "codeVoucher": "AMZVO40Y2F3",
 
  "status": false
 },
 {
  "codeVoucher": "AMZVOWV2163",
 
  "status": false
 },
 {
  "codeVoucher": "AMZVOAMXD5D",
 
  "status": false
 },
 {
  "codeVoucher": "AMZVOPOCBD3",
 
  "status": false
 },
 {
  "codeVoucher": "AMZVOSJ7Y1X",
 
  "status": false
 },
 {
  "codeVoucher": "AMZVOSNW37W",
 
  "status": false
 },
 {
  "codeVoucher": "AMZVO3JO1JZ",
 
  "status": false
 },
 {
  "codeVoucher": "AMZVOU0AWZB",
 
  "status": false
 },
 {
  "codeVoucher": "AMZVO64C8YD",
 
  "status": false
 },
 {
  "codeVoucher": "AMZVOE2X4J5",
 
  "status": false
 },
 {
  "codeVoucher": "AMZVO684FIT",
 
  "status": false
 },
 {
  "codeVoucher": "AMZVOGGOAJW",
 
  "status": false
 },
 {
  "codeVoucher": "AMZVOYXEMRN",
 
  "status": false
 },
 {
  "codeVoucher": "AMZVO26T527",
 
  "status": false
 },
 {
  "codeVoucher": "AMZVOUUZTZF",
 
  "status": false
 },
 {
  "codeVoucher": "AMZVO99AS5L",
 
  "status": false
 },
 {
  "codeVoucher": "AMZVO5OSRPS",
 
  "status": false
 },
 {
  "codeVoucher": "AMZVOX5UQJA",
 
  "status": false
 },
 {
  "codeVoucher": "AMZVODBGGYO",
 
  "status": false
 },
 {
  "codeVoucher": "AMZVOSCFPA4",
 
  "status": false
 },
 {
  "codeVoucher": "AMZVOFB0ZBG",
 
  "status": false
 },
 {
  "codeVoucher": "AMZVOKGXDM7",
 
  "status": false
 },
 {
  "codeVoucher": "AMZVOM2DJPF",
 
  "status": false
 },
 {
  "codeVoucher": "AMZVOHHT1GS",
 
  "status": false
 },
 {
  "codeVoucher": "AMZVODHQO03",
 
  "status": false
 },
 {
  "codeVoucher": "AMZVOKLC3FF",
 
  "status": false
 },
 {
  "codeVoucher": "AMZVOYEIVOD",
 
  "status": false
 },
 {
  "codeVoucher": "AMZVOJ9YJ45",
 
  "status": false
 },
 {
  "codeVoucher": "AMZVOLJX9H2",
 
  "status": false
 },
 {
  "codeVoucher": "AMZVOLN5IW4",
 
  "status": false
 },
 {
  "codeVoucher": "AMZVOZ6P33A",
 
  "status": false
 },
 {
  "codeVoucher": "AMZVO4SW7VK",
 
  "status": false
 },
 {
  "codeVoucher": "AMZVO7W2PSH",
 
  "status": false
 },
 {
  "codeVoucher": "AMZVO34NVCR",
 
  "status": false
 },
 {
  "codeVoucher": "AMZVOFKDJS2",
 
  "status": false
 },
 {
  "codeVoucher": "AMZVOKPSO6R",
 
  "status": false
 },
 {
  "codeVoucher": "AMZVOYPFYOL",
 
  "status": false
 },
 {
  "codeVoucher": "AMZVOINXMCV",
 
  "status": false
 },
 {
  "codeVoucher": "AMZVOA65XO1",
 
  "status": false
 },
 {
  "codeVoucher": "AMZVOQD38XT",
 
  "status": false
 },
 {
  "codeVoucher": "AMZVO6VA4XF",
 
  "status": false
 },
 {
  "codeVoucher": "AMZVO2TZL1C",
 
  "status": false
 },
 {
  "codeVoucher": "AMZVOBFPBMZ",
 
  "status": false
 },
 {
  "codeVoucher": "AMZVO32ISJW",
 
  "status": false
 },
 {
  "codeVoucher": "AMZVO6WB072",
 
  "status": false
 },
 {
  "codeVoucher": "AMZVOY01W13",
 
  "status": false
 },
 {
  "codeVoucher": "AMZVOLN0SUT",
 
  "status": false
 },
 {
  "codeVoucher": "AMZVO5YE2WI",
 
  "status": false
 },
 {
  "codeVoucher": "AMZVOMP1EE4",
 
  "status": false
 },
 {
  "codeVoucher": "AMZVOKOLO7A",
 
  "status": false
 },
 {
  "codeVoucher": "AMZVOEBV7XB",
 
  "status": false
 },
 {
  "codeVoucher": "AMZVOLOOV08",
 
  "status": false
 },
 {
  "codeVoucher": "AMZVOBUZYOY",
 
  "status": false
 },
 {
  "codeVoucher": "AMZVOVHEY62",
 
  "status": false
 },
 {
  "codeVoucher": "AMZVO8YNIMC",
 
  "status": false
 },
 {
  "codeVoucher": "AMZVOEJFW8R",
 
  "status": false
 },
 {
  "codeVoucher": "AMZVOQ9S9IV",
 
  "status": false
 },
 {
  "codeVoucher": "AMZVOCP9PDF",
 
  "status": false
 },
 {
  "codeVoucher": "AMZVOMEDXH6",
 
  "status": false
 },
 {
  "codeVoucher": "AMZVOBBY5ZU",
 
  "status": false
 },
 {
  "codeVoucher": "AMZVOVA1YM2",
 
  "status": false
 },
 {
  "codeVoucher": "AMZVOMOWIHO",
 
  "status": false
 },
 {
  "codeVoucher": "AMZVOFW9TVQ",
 
  "status": false
 },
 {
  "codeVoucher": "AMZVO3SVH6I",
 
  "status": false
 },
 {
  "codeVoucher": "AMZVO9RBIV6",
 
  "status": false
 },
 {
  "codeVoucher": "AMZVO2VK8OH",
 
  "status": false
 },
 {
  "codeVoucher": "AMZVO3ODHDY",
 
  "status": false
 },
 {
  "codeVoucher": "AMZVOTD6YRV",
 
  "status": false
 },
 {
  "codeVoucher": "AMZVO7SQIBG",
 
  "status": false
 },
 {
  "codeVoucher": "AMZVO8NDTZ4",
 
  "status": false
 },
 {
  "codeVoucher": "AMZVO0D2ZPW",
 
  "status": false
 },
 {
  "codeVoucher": "AMZVOEGH1ZH",
 
  "status": false
 },
 {
  "codeVoucher": "AMZVOMWP6Y3",
 
  "status": false
 },
 {
  "codeVoucher": "AMZVOLKAPLD",
 
  "status": false
 },
 {
  "codeVoucher": "AMZVOPTTDAB",
 
  "status": false
 },
 {
  "codeVoucher": "AMZVODKYJQ9",
 
  "status": false
 },
 {
  "codeVoucher": "AMZVO63XJTK",
 
  "status": false
 },
 {
  "codeVoucher": "AMZVONF2J6P",
 
  "status": false
 },
 {
  "codeVoucher": "AMZVO1CYKHO",
 
  "status": false
 },
 {
  "codeVoucher": "AMZVO4K2ZK6",
 
  "status": false
 },
 {
  "codeVoucher": "AMZVOXQWX59",
 
  "status": false
 },
 {
  "codeVoucher": "AMZVO9B5FAG",
 
  "status": false
 },
 {
  "codeVoucher": "AMZVO0FWE3F",
 
  "status": false
 },
 {
  "codeVoucher": "AMZVOAMK6SD",
 
  "status": false
 },
 {
  "codeVoucher": "AMZVOVDSM72",
 
  "status": false
 },
 {
  "codeVoucher": "AMZVOJMC1T1",
 
  "status": false
 },
 {
  "codeVoucher": "AMZVOH009QF",
 
  "status": false
 },
 {
  "codeVoucher": "AMZVOHU0NQZ",
 
  "status": false
 },
 {
  "codeVoucher": "AMZVOY3T8G0",
 
  "status": false
 },
 {
  "codeVoucher": "AMZVOF17TC1",
 
  "status": false
 },
 {
  "codeVoucher": "AMZVOQXDC5Y",
 
  "status": false
 },
 {
  "codeVoucher": "AMZVOD9W56C",
 
  "status": false
 },
 {
  "codeVoucher": "AMZVOOB6EY8",
 
  "status": false
 },
 {
  "codeVoucher": "AMZVONHW3XE",
 
  "status": false
 },
 {
  "codeVoucher": "AMZVOILGLV2",
 
  "status": false
 },
 {
  "codeVoucher": "AMZVO4YY8S3",
 
  "status": false
 },
 {
  "codeVoucher": "AMZVOCEYBJR",
 
  "status": false
 },
 {
  "codeVoucher": "AMZVOD36QTF",
 
  "status": false
 },
 {
  "codeVoucher": "AMZVO4AC9F5",
 
  "status": false
 },
 {
  "codeVoucher": "AMZVOFX983T",
 
  "status": false
 },
 {
  "codeVoucher": "AMZVOS2O3AI",
 
  "status": false
 },
 {
  "codeVoucher": "AMZVOOQSCCU",
 
  "status": false
 },
 {
  "codeVoucher": "AMZVOJL8E04",
 
  "status": false
 },
 {
  "codeVoucher": "AMZVOI21AQU",
 
  "status": false
 },
 {
  "codeVoucher": "AMZVOZ4S325",
 
  "status": false
 },
 {
  "codeVoucher": "AMZVO3DKETR",
 
  "status": false
 },
 {
  "codeVoucher": "AMZVODJ2XCD",
 
  "status": false
 },
 {
  "codeVoucher": "AMZVOW18S04",
 
  "status": false
 },
 {
  "codeVoucher": "AMZVO6A6F0B",
 
  "status": false
 },
 {
  "codeVoucher": "AMZVO2RM3EF",
 
  "status": false
 },
 {
  "codeVoucher": "AMZVOZVXXI8",
 
  "status": false
 },
 {
  "codeVoucher": "AMZVOJE1RBR",
 
  "status": false
 },
 {
  "codeVoucher": "AMZVOOXCKTQ",
 
  "status": false
 },
 {
  "codeVoucher": "AMZVO6HI60G",
 
  "status": false
 },
 {
  "codeVoucher": "AMZVOM3WKYN",
 
  "status": false
 },
 {
  "codeVoucher": "AMZVOEHZNGM",
 
  "status": false
 },
 {
  "codeVoucher": "AMZVO5T03BV",
 
  "status": false
 },
 {
  "codeVoucher": "AMZVOYI1D3P",
 
  "status": false
 },
 {
  "codeVoucher": "AMZVOH9YC6Z",
 
  "status": false
 },
 {
  "codeVoucher": "AMZVO8E2GWV",
 
  "status": false
 },
 {
  "codeVoucher": "AMZVOIASZS0",
 
  "status": false
 },
 {
  "codeVoucher": "AMZVOJAQ0O9",
 
  "status": false
 },
 {
  "codeVoucher": "AMZVOZDFWIS",
 
  "status": false
 },
 {
  "codeVoucher": "AMZVOOJ9GDZ",
 
  "status": false
 },
 {
  "codeVoucher": "AMZVOZCKAPB",
 
  "status": false
 },
 {
  "codeVoucher": "AMZVOTZ7FUB",
 
  "status": false
 },
 {
  "codeVoucher": "AMZVOC8ZB33",
 
  "status": false
 },
 {
  "codeVoucher": "AMZVO8RUYM3",
 
  "status": false
 },
 {
  "codeVoucher": "AMZVOTM6J1M",
 
  "status": false
 },
 {
  "codeVoucher": "AMZVOVB73AQ",
 
  "status": false
 },
 {
  "codeVoucher": "AMZVOPJVOGZ",
 
  "status": false
 },
 {
  "codeVoucher": "AMZVOBUSEUJ",
 
  "status": false
 },
 {
  "codeVoucher": "AMZVO3NPGHW",
 
  "status": false
 },
 {
  "codeVoucher": "AMZVOEAZRQC",
 
  "status": false
 },
 {
  "codeVoucher": "AMZVOFK8UTS",
 
  "status": false
 },
 {
  "codeVoucher": "AMZVOEJ8IVU",
 
  "status": false
 },
 {
  "codeVoucher": "AMZVOIUL5W2",
 
  "status": false
 },
 {
  "codeVoucher": "AMZVOKP2WQN",
 
  "status": false
 },
 {
  "codeVoucher": "AMZVO7O4LY9",
 
  "status": false
 },
 {
  "codeVoucher": "AMZVO172SJ6",
 
  "status": false
 },
 {
  "codeVoucher": "AMZVO0QAAAK",
 
  "status": false
 },
 {
  "codeVoucher": "AMZVOLU158X",
 
  "status": false
 },
 {
  "codeVoucher": "AMZVOKJN7GB",
 
  "status": false
 },
 {
  "codeVoucher": "AMZVOKS3UXE",
 
  "status": false
 },
 {
  "codeVoucher": "AMZVOY2U8RY",
 
  "status": false
 },
 {
  "codeVoucher": "AMZVO20LPEG",
 
  "status": false
 },
 {
  "codeVoucher": "AMZVO1KPRL6",
 
  "status": false
 },
 {
  "codeVoucher": "AMZVOVBQGAP",
 
  "status": false
 },
 {
  "codeVoucher": "AMZVOV311H0",
 
  "status": false
 },
 {
  "codeVoucher": "AMZVOCG36LH",
 
  "status": false
 },
 {
  "codeVoucher": "AMZVO0MDDDI",
 
  "status": false
 },
 {
  "codeVoucher": "AMZVOM5FHG6",
 
  "status": false
 },
 {
  "codeVoucher": "AMZVOV3G68V",
 
  "status": false
 },
 {
  "codeVoucher": "AMZVOYR2FNX",
 
  "status": false
 },
 {
  "codeVoucher": "AMZVO6ASUM8",
 
  "status": false
 },
 {
  "codeVoucher": "AMZVOM48I09",
 
  "status": false
 },
 {
  "codeVoucher": "AMZVO3R8I4E",
 
  "status": false
 },
 {
  "codeVoucher": "AMZVOKNX5FN",
 
  "status": false
 },
 {
  "codeVoucher": "AMZVOTGHHH4",
 
  "status": false
 },
 {
  "codeVoucher": "AMZVOOV8QHC",
 
  "status": false
 },
 {
  "codeVoucher": "AMZVOZ1TH4L",
 
  "status": false
 },
 {
  "codeVoucher": "AMZVO7NDHDQ",
 
  "status": false
 },
 {
  "codeVoucher": "AMZVO6BISIX",
 
  "status": false
 },
 {
  "codeVoucher": "AMZVO8NFBS9",
 
  "status": false
 },
 {
  "codeVoucher": "AMZVOL38LNO",
 
  "status": false
 },
 {
  "codeVoucher": "AMZVOC9OVEC",
 
  "status": false
 },
 {
  "codeVoucher": "AMZVONDKYRK",
 
  "status": false
 },
 {
  "codeVoucher": "AMZVOSK2NS2",
 
  "status": false
 },
 {
  "codeVoucher": "AMZVODU32ZB",
 
  "status": false
 },
 {
  "codeVoucher": "AMZVO0WEQ7P",
 
  "status": false
 },
 {
  "codeVoucher": "AMZVOMY8OGG",
 
  "status": false
 },
 {
  "codeVoucher": "AMZVONL6GFF",
 
  "status": false
 },
 {
  "codeVoucher": "AMZVONK65SH",
 
  "status": false
 },
 {
  "codeVoucher": "AMZVOG8LFH2",
 
  "status": false
 },
 {
  "codeVoucher": "AMZVOVKKN4R",
 
  "status": false
 },
 {
  "codeVoucher": "AMZVO76F5L3",
 
  "status": false
 },
 {
  "codeVoucher": "AMZVOLDEV9G",
 
  "status": false
 },
 {
  "codeVoucher": "AMZVO57OXPP",
 
  "status": false
 },
 {
  "codeVoucher": "AMZVOF5E6K8",
 
  "status": false
 },
 {
  "codeVoucher": "AMZVODGRG25",
 
  "status": false
 },
 {
  "codeVoucher": "AMZVO6ARPII",
 
  "status": false
 },
 {
  "codeVoucher": "AMZVO9S8DTO",
 
  "status": false
 },
 {
  "codeVoucher": "AMZVODU9FKJ",
 
  "status": false
 },
 {
  "codeVoucher": "AMZVON855I9",
 
  "status": false
 },
 {
  "codeVoucher": "AMZVONAWG1E",
 
  "status": false
 },
 {
  "codeVoucher": "AMZVOLFLJZ8",
 
  "status": false
 },
 {
  "codeVoucher": "AMZVOZPYFY6",
 
  "status": false
 },
 {
  "codeVoucher": "AMZVOQBMZ3Z",
 
  "status": false
 },
 {
  "codeVoucher": "AMZVO986H24",
 
  "status": false
 },
 {
  "codeVoucher": "AMZVOAB2RCI",
 
  "status": false
 },
 {
  "codeVoucher": "AMZVOW2031N",
 
  "status": false
 },
 {
  "codeVoucher": "AMZVOD45BP4",
 
  "status": false
 },
 {
  "codeVoucher": "AMZVOVHJ8OG",
 
  "status": false
 },
 {
  "codeVoucher": "AMZVOXYH7H2",
 
  "status": false
 },
 {
  "codeVoucher": "AMZVOIENRIX",
 
  "status": false
 },
 {
  "codeVoucher": "AMZVOFHMQT6",
 
  "status": false
 },
 {
  "codeVoucher": "AMZVOFXK8V9",
 
  "status": false
 },
 {
  "codeVoucher": "AMZVO47SBVU",
 
  "status": false
 },
 {
  "codeVoucher": "AMZVOUBXW4O",
 
  "status": false
 },
 {
  "codeVoucher": "AMZVOBYU8UX",
 
  "status": false
 },
 {
  "codeVoucher": "AMZVOAWVH5I",
 
  "status": false
 },
 {
  "codeVoucher": "AMZVOSFYN30",
 
  "status": false
 },
 {
  "codeVoucher": "AMZVO5YCHCJ",
 
  "status": false
 },
 {
  "codeVoucher": "AMZVOJHS36H",
 
  "status": false
 },
 {
  "codeVoucher": "AMZVOATM8O4",
 
  "status": false
 },
 {
  "codeVoucher": "AMZVOLHCX79",
 
  "status": false
 },
 {
  "codeVoucher": "AMZVO0EAPQV",
 
  "status": false
 },
 {
  "codeVoucher": "AMZVO64CSIX",
 
  "status": false
 },
 {
  "codeVoucher": "AMZVO6CR7VR",
 
  "status": false
 },
 {
  "codeVoucher": "AMZVOMGZMK5",
 
  "status": false
 },
 {
  "codeVoucher": "AMZVO08NJC7",
 
  "status": false
 },
 {
  "codeVoucher": "AMZVOMKGH3Q",
 
  "status": false
 },
 {
  "codeVoucher": "AMZVOM1V5JZ",
 
  "status": false
 },
 {
  "codeVoucher": "AMZVO0D0N47",
 
  "status": false
 },
 {
  "codeVoucher": "AMZVOW6C26R",
 
  "status": false
 },
 {
  "codeVoucher": "AMZVOFO3EZS",
 
  "status": false
 },
 {
  "codeVoucher": "AMZVOHX1EF8",
 
  "status": false
 },
 {
  "codeVoucher": "AMZVOQYJAU3",
 
  "status": false
 },
 {
  "codeVoucher": "AMZVO6Q7AWG",
 
  "status": false
 },
 {
  "codeVoucher": "AMZVOEMDQWG",
 
  "status": false
 },
 {
  "codeVoucher": "AMZVO5UOZBO",
 
  "status": false
 },
 {
  "codeVoucher": "AMZVOXHCDYW",
 
  "status": false
 },
 {
  "codeVoucher": "AMZVO7V727F",
 
  "status": false
 },
 {
  "codeVoucher": "AMZVOYWLI6P",
 
  "status": false
 },
 {
  "codeVoucher": "AMZVOUF2WAN",
 
  "status": false
 },
 {
  "codeVoucher": "AMZVOO1AVJV",
 
  "status": false
 },
 {
  "codeVoucher": "AMZVOU0X4NM",
 
  "status": false
 },
 {
  "codeVoucher": "AMZVO122LCA",
 
  "status": false
 },
 {
  "codeVoucher": "AMZVOIMO72A",
 
  "status": false
 },
 {
  "codeVoucher": "AMZVO4WY9F6",
 
  "status": false
 },
 {
  "codeVoucher": "AMZVOWAHZZ6",
 
  "status": false
 },
 {
  "codeVoucher": "AMZVOVMMMIH",
 
  "status": false
 },
 {
  "codeVoucher": "AMZVOS3I9RD",
 
  "status": false
 },
 {
  "codeVoucher": "AMZVOWIC1NX",
 
  "status": false
 },
 {
  "codeVoucher": "AMZVO8Q990W",
 
  "status": false
 },
 {
  "codeVoucher": "AMZVO7VU0IN",
 
  "status": false
 },
 {
  "codeVoucher": "AMZVOFCD5Z0",
 
  "status": false
 },
 {
  "codeVoucher": "AMZVOY6EHP9",
 
  "status": false
 },
 {
  "codeVoucher": "AMZVO15FUM6",
 
  "status": false
 },
 {
  "codeVoucher": "AMZVO34WT0I",
 
  "status": false
 },
 {
  "codeVoucher": "AMZVO7VVZOX",
 
  "status": false
 },
 {
  "codeVoucher": "AMZVOW1U53P",
 
  "status": false
 },
 {
  "codeVoucher": "AMZVOA0TLDR",
 
  "status": false
 },
 {
  "codeVoucher": "AMZVOT0BAH4",
 
  "status": false
 },
 {
  "codeVoucher": "AMZVORNIY6O",
 
  "status": false
 },
 {
  "codeVoucher": "AMZVO0VL48D",
 
  "status": false
 },
 {
  "codeVoucher": "AMZVOF9SRVX",
 
  "status": false
 },
 {
  "codeVoucher": "AMZVOO6B0TV",
 
  "status": false
 },
 {
  "codeVoucher": "AMZVONS0FAA",
 
  "status": false
 },
 {
  "codeVoucher": "AMZVOG7N1IB",
 
  "status": false
 },
 {
  "codeVoucher": "AMZVOO84FEI",
 
  "status": false
 },
 {
  "codeVoucher": "AMZVOEF2PGE",
 
  "status": false
 },
 {
  "codeVoucher": "AMZVO9CEOVL",
 
  "status": false
 },
 {
  "codeVoucher": "AMZVO213WKO",
 
  "status": false
 },
 {
  "codeVoucher": "AMZVOYVVKYA",
 
  "status": false
 },
 {
  "codeVoucher": "AMZVOZN0QCX",
 
  "status": false
 },
 {
  "codeVoucher": "AMZVO2J13VO",
 
  "status": false
 },
 {
  "codeVoucher": "AMZVO38LWF7",
 
  "status": false
 },
 {
  "codeVoucher": "AMZVO52MC8R",
 
  "status": false
 },
 {
  "codeVoucher": "AMZVOI1XQQS",
 
  "status": false
 },
 {
  "codeVoucher": "AMZVOX3R2Z2",
 
  "status": false
 },
 {
  "codeVoucher": "AMZVONS9RWL",
 
  "status": false
 },
 {
  "codeVoucher": "AMZVOT9FO3M",
 
  "status": false
 },
 {
  "codeVoucher": "AMZVODBPXP6",
 
  "status": false
 },
 {
  "codeVoucher": "AMZVOYXPJIL",
 
  "status": false
 },
 {
  "codeVoucher": "AMZVO9L3IG2",
 
  "status": false
 },
 {
  "codeVoucher": "AMZVO3F8445",
 
  "status": false
 },
 {
  "codeVoucher": "AMZVO6MKUQC",
 
  "status": false
 },
 {
  "codeVoucher": "AMZVOTZBZ6O",
 
  "status": false
 },
 {
  "codeVoucher": "AMZVOD44T3I",
 
  "status": false
 },
 {
  "codeVoucher": "AMZVO73UPFG",
 
  "status": false
 },
 {
  "codeVoucher": "AMZVOC63XEC",
 
  "status": false
 },
 {
  "codeVoucher": "AMZVOX2GGCC",
 
  "status": false
 },
 {
  "codeVoucher": "AMZVOIBO76P",
 
  "status": false
 },
 {
  "codeVoucher": "AMZVOCVOWKM",
 
  "status": false
 },
 {
  "codeVoucher": "AMZVOUJLZ6B",
 
  "status": false
 },
 {
  "codeVoucher": "AMZVOLRGERT",
 
  "status": false
 },
 {
  "codeVoucher": "AMZVOI6U8BD",
 
  "status": false
 },
 {
  "codeVoucher": "AMZVOI611L2",
 
  "status": false
 },
 {
  "codeVoucher": "AMZVO4A6EMU",
 
  "status": false
 },
 {
  "codeVoucher": "AMZVO2QVRC4",
 
  "status": false
 },
 {
  "codeVoucher": "AMZVO185E4V",
 
  "status": false
 },
 {
  "codeVoucher": "AMZVO6EU5Y9",
 
  "status": false
 },
 {
  "codeVoucher": "AMZVO5ETKON",
 
  "status": false
 },
 {
  "codeVoucher": "AMZVOV38T56",
 
  "status": false
 },
 {
  "codeVoucher": "AMZVOFHFVLB",
 
  "status": false
 },
 {
  "codeVoucher": "AMZVO714ZHD",
 
  "status": false
 },
 {
  "codeVoucher": "AMZVOIDCG5G",
 
  "status": false
 },
 {
  "codeVoucher": "AMZVOI8L7II",
 
  "status": false
 },
 {
  "codeVoucher": "AMZVOBRBI6J",
 
  "status": false
 },
 {
  "codeVoucher": "AMZVO6IC99X",
 
  "status": false
 },
 {
  "codeVoucher": "AMZVOQK2S77",
 
  "status": false
 },
 {
  "codeVoucher": "AMZVOFF6PCL",
 
  "status": false
 },
 {
  "codeVoucher": "AMZVOLP71L6",
 
  "status": false
 },
 {
  "codeVoucher": "AMZVOUH86U3",
 
  "status": false
 },
 {
  "codeVoucher": "AMZVO9Z5V39",
 
  "status": false
 },
 {
  "codeVoucher": "AMZVOAJDOZU",
 
  "status": false
 },
 {
  "codeVoucher": "AMZVOOZBO1D",
 
  "status": false
 },
 {
  "codeVoucher": "AMZVOLVP07Q",
 
  "status": false
 },
 {
  "codeVoucher": "AMZVOLE6GO1",
 
  "status": false
 },
 {
  "codeVoucher": "AMZVOYT08SH",
 
  "status": false
 },
 {
  "codeVoucher": "AMZVOCUM7P3",
 
  "status": false
 },
 {
  "codeVoucher": "AMZVOH6ZNNV",
 
  "status": false
 },
 {
  "codeVoucher": "AMZVO4FQ4V9",
 
  "status": false
 },
 {
  "codeVoucher": "AMZVOOJ2OJY",
 
  "status": false
 },
 {
  "codeVoucher": "AMZVOC44MZG",
 
  "status": false
 },
 {
  "codeVoucher": "AMZVO4QG3MH",
 
  "status": false
 },
 {
  "codeVoucher": "AMZVO1NGWTA",
 
  "status": false
 },
 {
  "codeVoucher": "AMZVO181KLI",
 
  "status": false
 },
 {
  "codeVoucher": "AMZVOL471UJ",
 
  "status": false
 },
 {
  "codeVoucher": "AMZVOPXKX5U",
 
  "status": false
 },
 {
  "codeVoucher": "AMZVO84GSS6",
 
  "status": false
 },
 {
  "codeVoucher": "AMZVOOB3IDH",
 
  "status": false
 },
 {
  "codeVoucher": "AMZVO2201XL",
 
  "status": false
 },
 {
  "codeVoucher": "AMZVO71TVA5",
 
  "status": false
 },
 {
  "codeVoucher": "AMZVOID67NZ",
 
  "status": false
 },
 {
  "codeVoucher": "AMZVO6DSWXY",
 
  "status": false
 },
 {
  "codeVoucher": "AMZVO3IP45J",
 
  "status": false
 },
 {
  "codeVoucher": "AMZVOPD0081",
 
  "status": false
 },
 {
  "codeVoucher": "AMZVOTXA8ZD",
 
  "status": false
 },
 {
  "codeVoucher": "AMZVOAN4KJP",
 
  "status": false
 },
 {
  "codeVoucher": "AMZVOARXDLA",
 
  "status": false
 },
 {
  "codeVoucher": "AMZVOZGEB8O",
 
  "status": false
 },
 {
  "codeVoucher": "AMZVO6D5JF7",
 
  "status": false
 },
 {
  "codeVoucher": "AMZVOFSEEO0",
 
  "status": false
 },
 {
  "codeVoucher": "AMZVOY7NOVJ",
 
  "status": false
 },
 {
  "codeVoucher": "AMZVO4S993O",
 
  "status": false
 },
 {
  "codeVoucher": "AMZVOWL10A2",
 
  "status": false
 },
 {
  "codeVoucher": "AMZVOXRZWCW",
 
  "status": false
 },
 {
  "codeVoucher": "AMZVOH0I6F0",
 
  "status": false
 },
 {
  "codeVoucher": "AMZVOL6C7PN",
 
  "status": false
 },
 {
  "codeVoucher": "AMZVOWKU5HP",
 
  "status": false
 },
 {
  "codeVoucher": "AMZVOP6JRX3",
 
  "status": false
 },
 {
  "codeVoucher": "AMZVOGPSMR6",
 
  "status": false
 },
 {
  "codeVoucher": "AMZVOAB51G5",
 
  "status": false
 },
 {
  "codeVoucher": "AMZVOB7NIY6",
 
  "status": false
 },
 {
  "codeVoucher": "AMZVOLZ6ND0",
 
  "status": false
 },
 {
  "codeVoucher": "AMZVOH1KKHF",
 
  "status": false
 },
 {
  "codeVoucher": "AMZVON0DO0Z",
 
  "status": false
 },
 {
  "codeVoucher": "AMZVOI8PF7N",
 
  "status": false
 },
 {
  "codeVoucher": "AMZVOS5DZ3K",
 
  "status": false
 },
 {
  "codeVoucher": "AMZVOBGIMF7",
 
  "status": false
 },
 {
  "codeVoucher": "AMZVO72L1FZ",
 
  "status": false
 },
 {
  "codeVoucher": "AMZVOWZ4ZNQ",
 
  "status": false
 },
 {
  "codeVoucher": "AMZVO1WGX90",
 
  "status": false
 },
 {
  "codeVoucher": "AMZVORG2S5I",
 
  "status": false
 },
 {
  "codeVoucher": "AMZVOWR8AIA",
 
  "status": false
 },
 {
  "codeVoucher": "AMZVO7AVFR8",
 
  "status": false
 },
 {
  "codeVoucher": "AMZVOOQ30SH",
 
  "status": false
 },
 {
  "codeVoucher": "AMZVOS3RX8G",
 
  "status": false
 },
 {
  "codeVoucher": "AMZVODOHS49",
 
  "status": false
 },
 {
  "codeVoucher": "AMZVOFO7CFX",
 
  "status": false
 },
 {
  "codeVoucher": "AMZVO1WQ41N",
 
  "status": false
 },
 {
  "codeVoucher": "AMZVO5VFIJS",
 
  "status": false
 },
 {
  "codeVoucher": "AMZVO61XU9C",
 
  "status": false
 },
 {
  "codeVoucher": "AMZVO19T164",
 
  "status": false
 },
 {
  "codeVoucher": "AMZVO3PFVAD",
 
  "status": false
 },
 {
  "codeVoucher": "AMZVOALLF95",
 
  "status": false
 },
 {
  "codeVoucher": "AMZVO1YBD1M",
 
  "status": false
 },
 {
  "codeVoucher": "AMZVOB4FYVD",
 
  "status": false
 },
 {
  "codeVoucher": "AMZVOMUO4KF",
 
  "status": false
 },
 {
  "codeVoucher": "AMZVOEA0WAL",
 
  "status": false
 },
 {
  "codeVoucher": "AMZVOHJVBH7",
 
  "status": false
 },
 {
  "codeVoucher": "AMZVOG1213K",
 
  "status": false
 },
 {
  "codeVoucher": "AMZVOAXHHZC",
 
  "status": false
 },
 {
  "codeVoucher": "AMZVOZE4CJQ",
 
  "status": false
 },
 {
  "codeVoucher": "AMZVOZFAGA8",
 
  "status": false
 },
 {
  "codeVoucher": "AMZVOFEY06S",
 
  "status": false
 },
 {
  "codeVoucher": "AMZVO0AWHR3",
 
  "status": false
 },
 {
  "codeVoucher": "AMZVOLU0D4W",
 
  "status": false
 },
 {
  "codeVoucher": "AMZVO77KX65",
 
  "status": false
 },
 {
  "codeVoucher": "AMZVORF9FMB",
 
  "status": false
 },
 {
  "codeVoucher": "AMZVO6A13VY",
 
  "status": false
 },
 {
  "codeVoucher": "AMZVOWK1YQY",
 
  "status": false
 },
 {
  "codeVoucher": "AMZVOPRXB0Z",
 
  "status": false
 },
 {
  "codeVoucher": "AMZVOZVLNID",
 
  "status": false
 },
 {
  "codeVoucher": "AMZVOYSI2I1",
 
  "status": false
 },
 {
  "codeVoucher": "AMZVOTVXUKR",
 
  "status": false
 },
 {
  "codeVoucher": "AMZVOCR9BQU",
 
  "status": false
 },
 {
  "codeVoucher": "AMZVO5IQWHO",
 
  "status": false
 },
 {
  "codeVoucher": "AMZVOIPOJQ0",
 
  "status": false
 },
 {
  "codeVoucher": "AMZVO0T1XFD",
 
  "status": false
 },
 {
  "codeVoucher": "AMZVOQ4BAF5",
 
  "status": false
 },
 {
  "codeVoucher": "AMZVOB4HG9I",
 
  "status": false
 },
 {
  "codeVoucher": "AMZVO0XE1SA",
 
  "status": false
 },
 {
  "codeVoucher": "AMZVOXBK3U3",
 
  "status": false
 },
 {
  "codeVoucher": "AMZVOMJE641",
 
  "status": false
 },
 {
  "codeVoucher": "AMZVOZOM5VW",
 
  "status": false
 },
 {
  "codeVoucher": "AMZVOS5DUUN",
 
  "status": false
 },
 {
  "codeVoucher": "AMZVOHCQFT2",
 
  "status": false
 },
 {
  "codeVoucher": "AMZVOW9B1AD",
 
  "status": false
 },
 {
  "codeVoucher": "AMZVO3XKIY5",
 
  "status": false
 }
]