[{
  "_id": {
    "$oid": "66274a7fa9b808a0177d1878"
  },
  "nameEmployee": "Nguyễn Thị Minh Anh",
  "dateGo": {
    "$date": "2024-04-04T00:00:00.000Z"
  },
  "nameCustomer": "CHỊ HIỀN ",
  "phoneCustomer": "0869574137",
  "trip": "SÀI GÒN - ĐÀ LẠT",
  "totalBooking": 750000,
  "amountRefund": 300000,
  "difference": 450000,
  "seasonCancel": "KHÁCH HỦY ",
  "status": false,
  "detail": {
    "$oid": "66274a5ba9b808a0177d1858"
  },
  "createdAt": {
    "$date": "2024-04-23T05:43:27.837Z"
  },
  "updatedAt": {
    "$date": "2024-04-23T05:43:27.837Z"
  },
  "__v": 0
},
{
  "_id": {
    "$oid": "662b2e07ed081e7098791cbd"
  },
  "nameEmployee": "Bùi Đình Thuận",
  "dateGo": {
    "$date": "2024-04-26T00:00:00.000Z"
  },
  "nameCustomer": "LÊ HUY",
  "phoneCustomer": "0935350383",
  "trip": "SÀI GÒN - ĐÀ LẠT",
  "totalBooking": 900000,
  "amountRefund": 720000,
  "difference": 180000,
  "seasonCancel": "Nhà có tang, vé lễ đã pass được hoàn 80% vé",
  "status": false,
  "detail": {
    "$oid": "6627804ca9b808a0177d2524"
  },
  "createdAt": {
    "$date": "2024-04-26T04:31:03.791Z"
  },
  "updatedAt": {
    "$date": "2024-04-26T04:31:03.791Z"
  },
  "__v": 0
},
{
  "_id": {
    "$oid": "662d22f6cba7d72778874e6a"
  },
  "nameEmployee": "Lê Nguyễn Việt Trung",
  "dateGo": {
    "$date": "2024-05-07T00:00:00.000Z"
  },
  "nameCustomer": "TRƯƠNG VĨNH HUY",
  "phoneCustomer": "0909369793",
  "trip": "ĐÀ LẠT - SÀI GÒN",
  "totalBooking": 500000,
  "amountRefund": 750000,
  "difference": -250000,
  "seasonCancel": "Khách hủy ",
  "status": false,
  "detail": {
    "$oid": "662264913ed55a7680ec8e7c"
  },
  "createdAt": {
    "$date": "2024-04-27T16:08:22.785Z"
  },
  "updatedAt": {
    "$date": "2024-04-27T16:08:22.785Z"
  },
  "__v": 0
},
{
  "_id": {
    "$oid": "662d230ccba7d72778874e75"
  },
  "nameEmployee": "Lê Nguyễn Việt Trung",
  "dateGo": {
    "$date": "2024-05-02T00:00:00.000Z"
  },
  "nameCustomer": "TRƯƠNG VĨNH HUY",
  "phoneCustomer": "0909369793",
  "trip": "SÀI GÒN - ĐÀ LẠT",
  "totalBooking": 750000,
  "amountRefund": 500000,
  "difference": 250000,
  "seasonCancel": "Khách hủy \n",
  "status": false,
  "detail": {
    "$oid": "6622647f3ed55a7680ec8e72"
  },
  "createdAt": {
    "$date": "2024-04-27T16:08:44.037Z"
  },
  "updatedAt": {
    "$date": "2024-04-27T16:08:44.037Z"
  },
  "__v": 0
},
{
  "_id": {
    "$oid": "662dfaf75339f7aaf2d86391"
  },
  "nameEmployee": "Nguyễn Thị Xuân",
  "dateGo": {
    "$date": "2024-04-30T00:00:00.000Z"
  },
  "nameCustomer": "TRÍ LƯƠNG",
  "phoneCustomer": "0902851253",
  "trip": "ĐÀ LẠT - SÀI GÒN",
  "totalBooking": 900000,
  "amountRefund": 900000,
  "difference": 0,
  "seasonCancel": "khách đi ngày 29/4",
  "status": false,
  "detail": {
    "$oid": "661bf794bc73a2d6e85f954b"
  },
  "createdAt": {
    "$date": "2024-04-28T07:29:59.011Z"
  },
  "updatedAt": {
    "$date": "2024-04-28T07:29:59.011Z"
  },
  "__v": 0
},
{
  "_id": {
    "$oid": "662e0c8a5339f7aaf2d86721"
  },
  "nameEmployee": "Tạ Xuân Hà",
  "dateGo": {
    "$date": "2024-04-28T00:00:00.000Z"
  },
  "nameCustomer": "LÂM THUYÊN ",
  "phoneCustomer": "0816202255",
  "trip": "ĐÀ LẠT - SÀI GÒN",
  "totalBooking": 1200000,
  "amountRefund": 300000,
  "difference": 900000,
  "seasonCancel": "Khách chuyển DƯ",
  "status": false,
  "detail": {
    "$oid": "662df2af5339f7aaf2d860d5"
  },
  "createdAt": {
    "$date": "2024-04-28T08:44:58.457Z"
  },
  "updatedAt": {
    "$date": "2024-04-28T08:44:58.457Z"
  },
  "__v": 0
},
{
  "_id": {
    "$oid": "662e651b5339f7aaf2d873c2"
  },
  "nameEmployee": "Nguyễn Hoàng Bảo Huy",
  "dateGo": {
    "$date": "2024-05-16T00:00:00.000Z"
  },
  "nameCustomer": "SƠN ĐÀO",
  "phoneCustomer": "0903069035",
  "trip": "SÀI GÒN - ĐÀ LẠT",
  "totalBooking": 750000,
  "amountRefund": 600000,
  "difference": 150000,
  "seasonCancel": "KHÁCH HỦY ",
  "status": false,
  "detail": {
    "$oid": "662dcede5339f7aaf2d85766"
  },
  "createdAt": {
    "$date": "2024-04-28T15:02:51.421Z"
  },
  "updatedAt": {
    "$date": "2024-04-28T15:02:51.421Z"
  },
  "__v": 0
},
{
  "_id": {
    "$oid": "662e65895339f7aaf2d87402"
  },
  "nameEmployee": "Vũ Đoàn Ngọc Anh",
  "dateGo": {
    "$date": "2024-05-19T00:00:00.000Z"
  },
  "nameCustomer": "SƠN ĐÀO",
  "phoneCustomer": "0903069035",
  "trip": "ĐÀ LẠT - SÀI GÒN",
  "totalBooking": 750000,
  "amountRefund": 600000,
  "difference": 150000,
  "seasonCancel": "KHÁCH HỦY",
  "status": false,
  "detail": {
    "$oid": "662e1ce35339f7aaf2d86abf"
  },
  "createdAt": {
    "$date": "2024-04-28T15:04:41.439Z"
  },
  "updatedAt": {
    "$date": "2024-04-28T15:04:41.439Z"
  },
  "__v": 0
},
{
  "_id": {
    "$oid": "662f34c8af4e70bf3be882f1"
  },
  "nameEmployee": "Nguyễn Thị Xuân",
  "dateGo": {
    "$date": "2024-04-30T00:00:00.000Z"
  },
  "nameCustomer": "ANH BẢO",
  "phoneCustomer": "0901104997",
  "trip": "ĐÀ LẠT - SÀI GÒN",
  "totalBooking": 900000,
  "amountRefund": 720000,
  "difference": 180000,
  "seasonCancel": "Khách hủy - pass lại vé phí 20% ( 180k)\n",
  "status": false,
  "detail": {
    "$oid": "6627ab32a9b808a0177d2fc6"
  },
  "createdAt": {
    "$date": "2024-04-29T05:48:56.059Z"
  },
  "updatedAt": {
    "$date": "2024-04-29T05:48:56.059Z"
  },
  "__v": 0
},
{
  "_id": {
    "$oid": "66306e6d4c832e7204210e2f"
  },
  "nameEmployee": "Vũ Đoàn Ngọc Anh",
  "dateGo": {
    "$date": "2024-04-30T00:00:00.000Z"
  },
  "nameCustomer": "HỒNG VÂN",
  "phoneCustomer": "0902605803",
  "trip": "ĐÀ LẠT - SÀI GÒN",
  "totalBooking": 900000,
  "amountRefund": 720000,
  "difference": 180000,
  "seasonCancel": "PASS VÉ HOÀN 80% ",
  "status": false,
  "detail": {
    "$oid": "662dc6f35339f7aaf2d855b2"
  },
  "createdAt": {
    "$date": "2024-04-30T04:07:09.706Z"
  },
  "updatedAt": {
    "$date": "2024-04-30T04:07:09.706Z"
  },
  "__v": 0
},
{
  "_id": {
    "$oid": "663096619f4f1043a8c21497"
  },
  "nameEmployee": "Tạ Xuân Hà",
  "dateGo": {
    "$date": "2024-05-07T00:00:00.000Z"
  },
  "nameCustomer": "ÁNH TUYẾT ",
  "phoneCustomer": "0938422969",
  "trip": "SÀI GÒN - ĐÀ LẠT",
  "totalBooking": 650000,
  "amountRefund": 650000,
  "difference": 0,
  "seasonCancel": "khách hủy do nhà có việc riêng Ạ\n",
  "status": false,
  "detail": {
    "$oid": "662620ef49d92baa2ec9323a"
  },
  "createdAt": {
    "$date": "2024-04-30T06:57:37.399Z"
  },
  "updatedAt": {
    "$date": "2024-04-30T06:57:37.399Z"
  },
  "__v": 0
},
{
  "_id": {
    "$oid": "6630b8ce9f4f1043a8c21aa1"
  },
  "nameEmployee": "Đào Xuân Cường",
  "dateGo": {
    "$date": "2024-05-01T00:00:00.000Z"
  },
  "nameCustomer": "HẢI NAM",
  "phoneCustomer": "0988691406",
  "trip": "ĐÀ LẠT - SÀI GÒN",
  "totalBooking": 900000,
  "amountRefund": 900000,
  "difference": 0,
  "seasonCancel": "Pass vé qua 0328613769",
  "status": false,
  "detail": {
    "$oid": "662c4bbc3c0cef8bcd379b3c"
  },
  "createdAt": {
    "$date": "2024-04-30T09:24:30.356Z"
  },
  "updatedAt": {
    "$date": "2024-04-30T09:24:30.356Z"
  },
  "__v": 0
},
{
  "_id": {
    "$oid": "6630f99754e8fa39f315e84f"
  },
  "nameEmployee": "Bùi Đình Thuận",
  "dateGo": {
    "$date": "2024-05-05T00:00:00.000Z"
  },
  "nameCustomer": "ANH HẢI",
  "phoneCustomer": "0968579638",
  "trip": "SÀI GÒN - ĐÀ LẠT",
  "totalBooking": 650000,
  "amountRefund": 520000,
  "difference": 130000,
  "seasonCancel": "Khấch hủy - phí 20% - hoàn 520.000",
  "status": false,
  "detail": {
    "$oid": "662e74845339f7aaf2d875e7"
  },
  "createdAt": {
    "$date": "2024-04-30T14:00:55.716Z"
  },
  "updatedAt": {
    "$date": "2024-04-30T14:00:55.716Z"
  },
  "__v": 0
},
{
  "_id": {
    "$oid": "66323d642bfd6aa014339912"
  },
  "nameEmployee": "Nguyễn Hoàng Bảo Huy",
  "dateGo": {
    "$date": "2024-05-01T00:00:00.000Z"
  },
  "nameCustomer": "CHỊ VY",
  "phoneCustomer": "0335850806",
  "trip": "ĐÀ LẠT - SÀI GÒN",
  "totalBooking": 1000000,
  "amountRefund": 1000000,
  "difference": 0,
  "seasonCancel": "an anh delay",
  "status": false,
  "detail": {
    "$oid": "66287521a9b808a0177d50f6"
  },
  "createdAt": {
    "$date": "2024-05-01T13:02:28.147Z"
  },
  "updatedAt": {
    "$date": "2024-05-01T13:02:28.147Z"
  },
  "__v": 0
},
{
  "_id": {
    "$oid": "663241ac2bfd6aa01433999e"
  },
  "nameEmployee": "Đào Xuân Cường",
  "dateGo": {
    "$date": "2024-05-02T00:00:00.000Z"
  },
  "nameCustomer": "NGUYỄN ĐỨC ANH",
  "phoneCustomer": "0706790706",
  "trip": "SÀI GÒN - ĐÀ LẠT",
  "totalBooking": 750000,
  "amountRefund": 600000,
  "difference": 150000,
  "seasonCancel": "khách hủy",
  "status": false,
  "detail": {
    "$oid": "66308a9dd0b7566259006ae1"
  },
  "createdAt": {
    "$date": "2024-05-01T13:20:44.683Z"
  },
  "updatedAt": {
    "$date": "2024-05-01T13:20:44.683Z"
  },
  "__v": 0
},
{
  "_id": {
    "$oid": "66325fb02bfd6aa014339c7f"
  },
  "nameEmployee": "Nguyễn Hoàng Bảo Huy",
  "dateGo": {
    "$date": "2024-05-02T00:00:00.000Z"
  },
  "nameCustomer": "NGUYỄN ĐỊNH",
  "phoneCustomer": "0763255407",
  "trip": "SÀI GÒN - ĐÀ LẠT",
  "totalBooking": 750000,
  "amountRefund": 300000,
  "difference": 450000,
  "seasonCancel": "nhà có công việc đột xuất không đi được",
  "status": false,
  "detail": {
    "$oid": "6632337c2bfd6aa01433981b"
  },
  "createdAt": {
    "$date": "2024-05-01T15:28:48.274Z"
  },
  "updatedAt": {
    "$date": "2024-05-01T15:28:48.274Z"
  },
  "__v": 0
},
{
  "_id": {
    "$oid": "663262572bfd6aa014339ce2"
  },
  "nameEmployee": "Lê Nguyễn Việt Trung",
  "dateGo": {
    "$date": "2024-05-01T00:00:00.000Z"
  },
  "nameCustomer": "CHỊ CHI ",
  "phoneCustomer": "0765051376",
  "trip": "ĐÀ LẠT - SÀI GÒN",
  "totalBooking": 1500000,
  "amountRefund": 1500000,
  "difference": 0,
  "seasonCancel": "Xe Delay",
  "status": false,
  "detail": {
    "$oid": "661cae4e99fa75cfa98b01c9"
  },
  "createdAt": {
    "$date": "2024-05-01T15:40:07.956Z"
  },
  "updatedAt": {
    "$date": "2024-05-01T15:40:07.956Z"
  },
  "__v": 0
},
{
  "_id": {
    "$oid": "663387e862880a24fdd7cef9"
  },
  "nameEmployee": "Nguyễn Thị Xuân",
  "dateGo": {
    "$date": "2024-05-05T00:00:00.000Z"
  },
  "nameCustomer": "PHỤNG TRẦN",
  "phoneCustomer": "0938707982",
  "trip": "SÀI GÒN - ĐÀ LẠT",
  "totalBooking": 650000,
  "amountRefund": 520000,
  "difference": 130000,
  "seasonCancel": "Khách Hủy - Phí 20% (130k) ",
  "status": false,
  "detail": {
    "$oid": "662df1a95339f7aaf2d86093"
  },
  "createdAt": {
    "$date": "2024-05-02T12:32:40.071Z"
  },
  "updatedAt": {
    "$date": "2024-05-02T12:32:40.071Z"
  },
  "__v": 0
},
{
  "_id": {
    "$oid": "6633884362880a24fdd7cf38"
  },
  "nameEmployee": "Nguyễn Thị Xuân",
  "dateGo": {
    "$date": "2024-05-08T00:00:00.000Z"
  },
  "nameCustomer": "PHỤNG TRẦN",
  "phoneCustomer": "0938707982",
  "trip": "ĐÀ LẠT - SÀI GÒN",
  "totalBooking": 650000,
  "amountRefund": 480000,
  "difference": 170000,
  "seasonCancel": " Khách Hủy - Phí 20% (120k)\n",
  "status": false,
  "detail": {
    "$oid": "662df1bf5339f7aaf2d8609e"
  },
  "createdAt": {
    "$date": "2024-05-02T12:34:11.205Z"
  },
  "updatedAt": {
    "$date": "2024-05-02T12:34:11.205Z"
  },
  "__v": 0
},
{
  "_id": {
    "$oid": "6634548062880a24fdd7ec85"
  },
  "nameEmployee": "Tạ Xuân Hà",
  "dateGo": {
    "$date": "2024-05-10T00:00:00.000Z"
  },
  "nameCustomer": "KHANG NGUYỄN ",
  "phoneCustomer": "0344679643",
  "trip": "SÀI GÒN - ĐÀ LẠT",
  "totalBooking": 750000,
  "amountRefund": 750000,
  "difference": 0,
  "seasonCancel": "KHách hủy, phí 100%",
  "status": false,
  "detail": {
    "$oid": "662b6c42353a78c63058c2e0"
  },
  "createdAt": {
    "$date": "2024-05-03T03:05:36.777Z"
  },
  "updatedAt": {
    "$date": "2024-05-03T03:05:36.777Z"
  },
  "__v": 0
},
{
  "_id": {
    "$oid": "6634551862880a24fdd7ecc2"
  },
  "nameEmployee": "Tạ Xuân Hà",
  "dateGo": {
    "$date": "2024-05-12T00:00:00.000Z"
  },
  "nameCustomer": "KHANG NGUYỄN ",
  "phoneCustomer": "0344679643",
  "trip": "ĐÀ LẠT - SÀI GÒN",
  "totalBooking": 750000,
  "amountRefund": 750000,
  "difference": 0,
  "seasonCancel": "Khách hủy.phí 100%",
  "status": false,
  "detail": {
    "$oid": "662b6c6a353a78c63058c306"
  },
  "createdAt": {
    "$date": "2024-05-03T03:08:08.499Z"
  },
  "updatedAt": {
    "$date": "2024-05-03T03:08:08.499Z"
  },
  "__v": 0
},
{
  "_id": {
    "$oid": "66357f5462880a24fdd82349"
  },
  "nameEmployee": "Nguyễn Thị Minh Anh",
  "dateGo": {
    "$date": "2024-05-11T00:00:00.000Z"
  },
  "nameCustomer": "TÔ ĐANG THANH",
  "phoneCustomer": "0762569964",
  "trip": "ĐÀ LẠT - SÀI GÒN",
  "totalBooking": 450000,
  "amountRefund": 360000,
  "difference": 90000,
  "seasonCancel": "Hủy",
  "status": false,
  "detail": {
    "$oid": "661f29bc4c9830e6f51b8265"
  },
  "createdAt": {
    "$date": "2024-05-04T00:20:36.505Z"
  },
  "updatedAt": {
    "$date": "2024-05-04T00:20:36.505Z"
  },
  "__v": 0
},
{
  "_id": {
    "$oid": "66357f6362880a24fdd8236e"
  },
  "nameEmployee": "Nguyễn Thị Minh Anh",
  "dateGo": {
    "$date": "2024-05-08T00:00:00.000Z"
  },
  "nameCustomer": "TÔ ĐANG THANH",
  "phoneCustomer": "0762569964",
  "trip": "SÀI GÒN - ĐÀ LẠT",
  "totalBooking": 450000,
  "amountRefund": 360000,
  "difference": 90000,
  "seasonCancel": "Hủy\n",
  "status": false,
  "detail": {
    "$oid": "661f274d4c9830e6f51b8248"
  },
  "createdAt": {
    "$date": "2024-05-04T00:20:51.721Z"
  },
  "updatedAt": {
    "$date": "2024-05-04T00:20:51.721Z"
  },
  "__v": 0
},
{
  "_id": {
    "$oid": "6635a4bc6c1721ed60031e93"
  },
  "nameEmployee": "Nguyễn Hoàng Bảo Huy",
  "dateGo": {
    "$date": "2024-05-05T00:00:00.000Z"
  },
  "nameCustomer": "CHỊ NƯƠNG",
  "phoneCustomer": "0783967398",
  "trip": "SÀI GÒN - ĐÀ LẠT",
  "totalBooking": 650000,
  "amountRefund": 325000,
  "difference": 325000,
  "seasonCancel": "Nhà có tang",
  "status": false,
  "detail": {
    "$oid": "663276bd2bfd6aa01433a1a1"
  },
  "createdAt": {
    "$date": "2024-05-04T03:00:12.355Z"
  },
  "updatedAt": {
    "$date": "2024-05-04T03:00:12.355Z"
  },
  "__v": 0
},
{
  "_id": {
    "$oid": "6635ee4e6c1721ed60032de2"
  },
  "nameEmployee": "Nguyễn Thảo Quyên",
  "dateGo": {
    "$date": "2024-05-05T00:00:00.000Z"
  },
  "nameCustomer": "DUY TÂN",
  "phoneCustomer": "0382268647",
  "trip": "SÀI GÒN - ĐÀ LẠT",
  "totalBooking": 650000,
  "amountRefund": 650000,
  "difference": 0,
  "seasonCancel": "CẮT CHUYẾN HỦY VÉ ",
  "status": false,
  "detail": {
    "$oid": "6635ba1e6c1721ed60032245"
  },
  "createdAt": {
    "$date": "2024-05-04T08:14:06.432Z"
  },
  "updatedAt": {
    "$date": "2024-05-04T08:14:06.432Z"
  },
  "__v": 0
},
{
  "_id": {
    "$oid": "66360b206c1721ed600332bb"
  },
  "nameEmployee": "Đào Xuân Cường",
  "dateGo": {
    "$date": "2024-05-06T00:00:00.000Z"
  },
  "nameCustomer": "HỒ HỮU CHÍ",
  "phoneCustomer": "0792612345",
  "trip": "ĐÀ LẠT - SÀI GÒN",
  "totalBooking": 1200000,
  "amountRefund": 960000,
  "difference": 240000,
  "seasonCancel": "Khách thay đổi kế hoạch đi",
  "status": false,
  "detail": {
    "$oid": "66348ed762880a24fdd7fb67"
  },
  "createdAt": {
    "$date": "2024-05-04T10:17:04.706Z"
  },
  "updatedAt": {
    "$date": "2024-05-04T10:17:04.706Z"
  },
  "__v": 0
},
{
  "_id": {
    "$oid": "663726a76c1721ed6003635e"
  },
  "nameEmployee": "Nguyễn Hoàng Bảo Huy",
  "dateGo": {
    "$date": "2024-05-06T00:00:00.000Z"
  },
  "nameCustomer": "CHỊ THI",
  "phoneCustomer": "0818210693",
  "trip": "ĐÀ LẠT - SÀI GÒN",
  "totalBooking": 900000,
  "amountRefund": 900000,
  "difference": 0,
  "seasonCancel": "NHÀ XE CẮT CHUYẾN",
  "status": false,
  "detail": {
    "$oid": "663591026c1721ed600318fc"
  },
  "createdAt": {
    "$date": "2024-05-05T06:26:47.960Z"
  },
  "updatedAt": {
    "$date": "2024-05-05T06:26:47.960Z"
  },
  "__v": 0
},
{
  "_id": {
    "$oid": "66376f736c1721ed600376d7"
  },
  "nameEmployee": "Nguyễn Thị Xuân",
  "dateGo": {
    "$date": "2024-05-05T00:00:00.000Z"
  },
  "nameCustomer": "CHỊ MI",
  "phoneCustomer": "0879330330",
  "trip": "ĐÀ LẠT - SÀI GÒN",
  "totalBooking": 750000,
  "amountRefund": 650000,
  "difference": 100000,
  "seasonCancel": "CẮT CHUYẾN KHÔNG ĐỒNG Ý HỦY HOÀN ",
  "status": false,
  "detail": {
    "$oid": "66346b8d62880a24fdd7f278"
  },
  "createdAt": {
    "$date": "2024-05-05T11:37:23.921Z"
  },
  "updatedAt": {
    "$date": "2024-05-05T11:37:23.921Z"
  },
  "__v": 0
},
{
  "_id": {
    "$oid": "66376fda6c1721ed6003771e"
  },
  "nameEmployee": "Nguyễn Thị Minh Anh",
  "dateGo": {
    "$date": "2024-05-06T00:00:00.000Z"
  },
  "nameCustomer": "HOA PHẠM",
  "phoneCustomer": "0975177790",
  "trip": "ĐÀ LẠT - SÀI GÒN",
  "totalBooking": 750000,
  "amountRefund": 750000,
  "difference": 0,
  "seasonCancel": "CẮT CHUYẾN KHÔNG ĐỒNG Ý HỦY HOÀN ",
  "status": false,
  "detail": {
    "$oid": "6635eb896c1721ed60032d6e"
  },
  "createdAt": {
    "$date": "2024-05-05T11:39:06.526Z"
  },
  "updatedAt": {
    "$date": "2024-05-05T11:39:06.526Z"
  },
  "__v": 0
},
{
  "_id": {
    "$oid": "66388ccabd484cb5b7a9efea"
  },
  "nameEmployee": "Nguyễn Hoàng Bảo Huy",
  "dateGo": {
    "$date": "2024-05-12T00:00:00.000Z"
  },
  "nameCustomer": "KHANG NGUYỄN",
  "phoneCustomer": "0344679643",
  "trip": "ĐÀ LẠT - SÀI GÒN",
  "totalBooking": 2400000,
  "amountRefund": 750000,
  "difference": 1650000,
  "seasonCancel": "Hủy Thêm 1 phòng đôi \n",
  "status": false,
  "detail": {
    "$oid": "662b3578f463aa670f1a6122"
  },
  "createdAt": {
    "$date": "2024-05-06T07:54:50.242Z"
  },
  "updatedAt": {
    "$date": "2024-05-06T07:54:50.242Z"
  },
  "__v": 0
},
{
  "_id": {
    "$oid": "6638e43ebd484cb5b7aa0736"
  },
  "nameEmployee": "Tạ Xuân Hà",
  "dateGo": {
    "$date": "2024-05-09T00:00:00.000Z"
  },
  "nameCustomer": "NGỌC LINH NHI",
  "phoneCustomer": "0789721504",
  "trip": "SÀI GÒN - ĐÀ LẠT",
  "totalBooking": 750000,
  "amountRefund": 750000,
  "difference": 0,
  "seasonCancel": "khách hủy ",
  "status": false,
  "detail": {
    "$oid": "66385095bd484cb5b7a9e06f"
  },
  "createdAt": {
    "$date": "2024-05-06T14:07:58.574Z"
  },
  "updatedAt": {
    "$date": "2024-05-06T14:07:58.574Z"
  },
  "__v": 0
},
{
  "_id": {
    "$oid": "6639ce83bd484cb5b7aa2d1a"
  },
  "nameEmployee": "Nguyễn Thị Minh Anh",
  "dateGo": {
    "$date": "2024-05-09T00:00:00.000Z"
  },
  "nameCustomer": "MINH ANH ",
  "phoneCustomer": "0902631089",
  "trip": "ĐÀ LẠT - SÀI GÒN",
  "totalBooking": 1800000,
  "amountRefund": 900000,
  "difference": 900000,
  "seasonCancel": "HỦY 2 VÉ HOÀN  ",
  "status": false,
  "detail": {
    "$oid": "66397556bd484cb5b7aa15df"
  },
  "createdAt": {
    "$date": "2024-05-07T06:47:31.880Z"
  },
  "updatedAt": {
    "$date": "2024-05-07T06:47:31.880Z"
  },
  "__v": 0
},
{
  "_id": {
    "$oid": "6639e844bd484cb5b7aa3555"
  },
  "nameEmployee": "Nguyễn Hoàng Bảo Huy",
  "dateGo": {
    "$date": "2024-05-13T00:00:00.000Z"
  },
  "nameCustomer": "GIA HÂN",
  "phoneCustomer": "0908500130",
  "trip": "ĐÀ LẠT - SÀI GÒN",
  "totalBooking": 650000,
  "amountRefund": 650000,
  "difference": 0,
  "seasonCancel": "khách hủy",
  "status": false,
  "detail": {
    "$oid": "66332aca62880a24fdd7b2be"
  },
  "createdAt": {
    "$date": "2024-05-07T08:37:24.494Z"
  },
  "updatedAt": {
    "$date": "2024-05-07T08:37:24.494Z"
  },
  "__v": 0
},
{
  "_id": {
    "$oid": "6639e850bd484cb5b7aa3561"
  },
  "nameEmployee": "Nguyễn Hoàng Bảo Huy",
  "dateGo": {
    "$date": "2024-05-11T00:00:00.000Z"
  },
  "nameCustomer": "GIA HÂN",
  "phoneCustomer": "0908500130",
  "trip": "SÀI GÒN - ĐÀ LẠT",
  "totalBooking": 650000,
  "amountRefund": 650000,
  "difference": 0,
  "seasonCancel": "khách hủy",
  "status": false,
  "detail": {
    "$oid": "66332ab162880a24fdd7b2af"
  },
  "createdAt": {
    "$date": "2024-05-07T08:37:36.748Z"
  },
  "updatedAt": {
    "$date": "2024-05-07T08:37:36.748Z"
  },
  "__v": 0
},
{
  "_id": {
    "$oid": "663b371fbd484cb5b7aa77a6"
  },
  "nameEmployee": "Nguyễn Thị Minh Anh",
  "dateGo": {
    "$date": "2024-05-14T00:00:00.000Z"
  },
  "nameCustomer": "HẢI HÀ",
  "phoneCustomer": "0385099594",
  "trip": "SÀI GÒN - ĐÀ LẠT",
  "totalBooking": 650000,
  "amountRefund": 325000,
  "difference": 325000,
  "seasonCancel": "Khách hủy",
  "status": false,
  "detail": {
    "$oid": "6634e70a62880a24fdd80fef"
  },
  "createdAt": {
    "$date": "2024-05-08T08:26:07.881Z"
  },
  "updatedAt": {
    "$date": "2024-05-08T08:26:07.881Z"
  },
  "__v": 0
},
{
  "_id": {
    "$oid": "663b4e82bd484cb5b7aa7da1"
  },
  "nameEmployee": "Vũ Đoàn Ngọc Anh",
  "dateGo": {
    "$date": "2024-05-09T00:00:00.000Z"
  },
  "nameCustomer": "CHỊ NGA",
  "phoneCustomer": "0906339193",
  "trip": "SÀI GÒN - ĐÀ LẠT",
  "totalBooking": 5100000,
  "amountRefund": 1200000,
  "difference": 3900000,
  "seasonCancel": "khách hủy ",
  "status": false,
  "detail": {
    "$oid": "6623dabb491f16b6c70848a2"
  },
  "createdAt": {
    "$date": "2024-05-08T10:05:54.594Z"
  },
  "updatedAt": {
    "$date": "2024-05-08T10:05:54.594Z"
  },
  "__v": 0
},
{
  "_id": {
    "$oid": "663b4e9ebd484cb5b7aa7dcb"
  },
  "nameEmployee": "Vũ Đoàn Ngọc Anh",
  "dateGo": {
    "$date": "2024-05-12T00:00:00.000Z"
  },
  "nameCustomer": "CHỊ NGA",
  "phoneCustomer": "0906339193",
  "trip": "ĐÀ LẠT - SÀI GÒN",
  "totalBooking": 5100000,
  "amountRefund": 1200000,
  "difference": 3900000,
  "seasonCancel": "khách hủy ",
  "status": false,
  "detail": {
    "$oid": "6623dadd491f16b6c70848ac"
  },
  "createdAt": {
    "$date": "2024-05-08T10:06:22.689Z"
  },
  "updatedAt": {
    "$date": "2024-05-08T10:06:22.689Z"
  },
  "__v": 0
},
{
  "_id": {
    "$oid": "663c171dbd484cb5b7aaa044"
  },
  "nameEmployee": "Bùi Đình Thuận",
  "dateGo": {
    "$date": "2024-05-09T00:00:00.000Z"
  },
  "nameCustomer": "CHỊ VÂN",
  "phoneCustomer": "0906309061",
  "trip": "SÀI GÒN - ĐÀ LẠT",
  "totalBooking": 900000,
  "amountRefund": 225000,
  "difference": 675000,
  "seasonCancel": "KHÁCH HỦY\n",
  "status": false,
  "detail": {
    "$oid": "663356d262880a24fdd7c182"
  },
  "createdAt": {
    "$date": "2024-05-09T00:21:49.496Z"
  },
  "updatedAt": {
    "$date": "2024-05-09T00:21:49.496Z"
  },
  "__v": 0
},
{
  "_id": {
    "$oid": "663c1760bd484cb5b7aaa069"
  },
  "nameEmployee": "Vũ Đoàn Ngọc Anh",
  "dateGo": {
    "$date": "2024-05-12T00:00:00.000Z"
  },
  "nameCustomer": "MEI YUN",
  "phoneCustomer": "0906309061",
  "trip": "ĐÀ LẠT - SÀI GÒN",
  "totalBooking": 900000,
  "amountRefund": 900000,
  "difference": 0,
  "seasonCancel": "kHÁCH HỦY",
  "status": false,
  "detail": {
    "$oid": "6636f5426c1721ed600356d3"
  },
  "createdAt": {
    "$date": "2024-05-09T00:22:56.475Z"
  },
  "updatedAt": {
    "$date": "2024-05-09T00:22:56.475Z"
  },
  "__v": 0
},
{
  "_id": {
    "$oid": "663cc324bd484cb5b7aad73e"
  },
  "nameEmployee": "Nguyễn Thị Minh Anh",
  "dateGo": {
    "$date": "2024-05-12T00:00:00.000Z"
  },
  "nameCustomer": "NHI HUYNH",
  "phoneCustomer": "0374983598 ",
  "trip": "ĐÀ LẠT - SÀI GÒN",
  "totalBooking": 1500000,
  "amountRefund": 1200000,
  "difference": 300000,
  "seasonCancel": "khách hủy, phí 20% ",
  "status": false,
  "detail": {
    "$oid": "66292f46573bb5a5d822da6b"
  },
  "createdAt": {
    "$date": "2024-05-09T12:35:48.629Z"
  },
  "updatedAt": {
    "$date": "2024-05-09T12:35:48.629Z"
  },
  "__v": 0
},
{
  "_id": {
    "$oid": "663ce2d0bd484cb5b7aaece4"
  },
  "nameEmployee": "Nguyễn Thị Xuân",
  "dateGo": {
    "$date": "2024-05-02T00:00:00.000Z"
  },
  "nameCustomer": "BẢO NGỌC",
  "phoneCustomer": "0971481711",
  "trip": "SÀI GÒN - ĐÀ LẠT",
  "totalBooking": 1500000,
  "amountRefund": 250000,
  "difference": 1250000,
  "seasonCancel": "Khách hủy - phí 50% ( 750.00 )",
  "status": false,
  "detail": {
    "$oid": "661e81184c9830e6f51b79a8"
  },
  "createdAt": {
    "$date": "2024-05-09T14:50:56.230Z"
  },
  "updatedAt": {
    "$date": "2024-05-09T14:50:56.230Z"
  },
  "__v": 0
},
{
  "_id": {
    "$oid": "663dc2909b382f8e850ca573"
  },
  "nameEmployee": "Nguyễn Thị Giang",
  "dateGo": {
    "$date": "2024-05-18T00:00:00.000Z"
  },
  "nameCustomer": "ANH TUẤN ",
  "phoneCustomer": "0938099830",
  "trip": "ĐÀ LẠT - SÀI GÒN",
  "totalBooking": 650000,
  "amountRefund": 1300000,
  "difference": -650000,
  "seasonCancel": "Khách có việc muốn hủy",
  "status": false,
  "detail": {
    "$oid": "663b48afbd484cb5b7aa7b90"
  },
  "createdAt": {
    "$date": "2024-05-10T06:45:36.722Z"
  },
  "updatedAt": {
    "$date": "2024-05-10T06:45:36.722Z"
  },
  "__v": 0
},
{
  "_id": {
    "$oid": "663dc2a69b382f8e850ca598"
  },
  "nameEmployee": "Nguyễn Thị Giang",
  "dateGo": {
    "$date": "2024-05-15T00:00:00.000Z"
  },
  "nameCustomer": "ANH TUẤN ",
  "phoneCustomer": "0938099830",
  "trip": "SÀI GÒN - ĐÀ LẠT",
  "totalBooking": 650000,
  "amountRefund": 1300000,
  "difference": -650000,
  "seasonCancel": "hủy vé",
  "status": false,
  "detail": {
    "$oid": "663b4888bd484cb5b7aa7b7f"
  },
  "createdAt": {
    "$date": "2024-05-10T06:45:58.714Z"
  },
  "updatedAt": {
    "$date": "2024-05-10T06:45:58.714Z"
  },
  "__v": 0
},
{
  "_id": {
    "$oid": "663e00f89b382f8e850cba2f"
  },
  "nameEmployee": "Nguyễn Ngọc Anh Thư",
  "dateGo": {
    "$date": "2024-05-14T00:00:00.000Z"
  },
  "nameCustomer": "NGUYỄN THỊNH",
  "phoneCustomer": "0945432942",
  "trip": "SÀI GÒN - ĐÀ LẠT",
  "totalBooking": 650000,
  "amountRefund": 130000,
  "difference": 520000,
  "seasonCancel": "KHÁCH HỦY",
  "status": false,
  "detail": {
    "$oid": "66384f0fbd484cb5b7a9dff4"
  },
  "createdAt": {
    "$date": "2024-05-10T11:11:52.855Z"
  },
  "updatedAt": {
    "$date": "2024-05-10T11:11:52.855Z"
  },
  "__v": 0
},
{
  "_id": {
    "$oid": "663e011f9b382f8e850cba54"
  },
  "nameEmployee": "Nguyễn Ngọc Anh Thư",
  "dateGo": {
    "$date": "2024-05-17T00:00:00.000Z"
  },
  "nameCustomer": "NGUYỄN THỊNH",
  "phoneCustomer": "0945432942",
  "trip": "ĐÀ LẠT - SÀI GÒN",
  "totalBooking": 550000,
  "amountRefund": 110000,
  "difference": 440000,
  "seasonCancel": "KHÁCH HỦY",
  "status": false,
  "detail": {
    "$oid": "66384f23bd484cb5b7a9dffd"
  },
  "createdAt": {
    "$date": "2024-05-10T11:12:31.126Z"
  },
  "updatedAt": {
    "$date": "2024-05-10T11:12:31.126Z"
  },
  "__v": 0
},
{
  "_id": {
    "$oid": "663e50dc9b382f8e850cd069"
  },
  "nameEmployee": "Vũ Đoàn Ngọc Anh",
  "dateGo": {
    "$date": "2024-05-18T00:00:00.000Z"
  },
  "nameCustomer": "NGUYỄN LÂM MINH",
  "phoneCustomer": "0354443485",
  "trip": "ĐÀ LẠT - SÀI GÒN",
  "totalBooking": 600000,
  "amountRefund": 50000,
  "difference": 550000,
  "seasonCancel": "KHÁCH CHUYỂN DƯ\n",
  "status": false,
  "detail": {
    "$oid": "663e4f799b382f8e850cd001"
  },
  "createdAt": {
    "$date": "2024-05-10T16:52:44.029Z"
  },
  "updatedAt": {
    "$date": "2024-05-10T16:52:44.029Z"
  },
  "__v": 0
},
{
  "_id": {
    "$oid": "663ec9a69b382f8e850cd851"
  },
  "nameEmployee": "Trần Lê Quốc Kiệt",
  "dateGo": {
    "$date": "2024-05-12T00:00:00.000Z"
  },
  "nameCustomer": "CHỊ DUYÊN",
  "phoneCustomer": "0908484488",
  "trip": "ĐÀ LẠT - SÀI GÒN",
  "totalBooking": 1400000,
  "amountRefund": 250000,
  "difference": 1150000,
  "seasonCancel": "Đổi phòng đơn",
  "status": false,
  "detail": {
    "$oid": "663c566dbd484cb5b7aab2d4"
  },
  "createdAt": {
    "$date": "2024-05-11T01:28:06.741Z"
  },
  "updatedAt": {
    "$date": "2024-05-11T01:28:06.741Z"
  },
  "__v": 0
},
{
  "_id": {
    "$oid": "663eeefe9b382f8e850ce8d7"
  },
  "nameEmployee": "Tạ Xuân Hà",
  "dateGo": {
    "$date": "2024-05-11T00:00:00.000Z"
  },
  "nameCustomer": "CHỊ VY",
  "phoneCustomer": "0799818900",
  "trip": "SÀI GÒN - ĐÀ LẠT",
  "totalBooking": 650000,
  "amountRefund": 650000,
  "difference": 0,
  "seasonCancel": "Long Vân Deley",
  "status": false,
  "detail": {
    "$oid": "663d9f509b382f8e850c9ae6"
  },
  "createdAt": {
    "$date": "2024-05-11T04:07:26.580Z"
  },
  "updatedAt": {
    "$date": "2024-05-11T04:07:26.580Z"
  },
  "__v": 0
},
{
  "_id": {
    "$oid": "6641d399adb3b8c23469024d"
  },
  "nameEmployee": "Trần Nguyễn Hoài Phương",
  "dateGo": {
    "$date": "2024-05-30T00:00:00.000Z"
  },
  "nameCustomer": "TIEN PHAN",
  "phoneCustomer": "0369692971",
  "trip": "SÀI GÒN - ĐÀ LẠT",
  "totalBooking": 750000,
  "amountRefund": 750000,
  "difference": 0,
  "seasonCancel": "Khách bận",
  "status": false,
  "detail": {
    "$oid": "6641b526adb3b8c23468f8b8"
  },
  "createdAt": {
    "$date": "2024-05-13T08:47:21.452Z"
  },
  "updatedAt": {
    "$date": "2024-05-13T08:47:21.452Z"
  },
  "__v": 0
},
{
  "_id": {
    "$oid": "6641e08badb3b8c234690709"
  },
  "nameEmployee": "Đoàn Thị Ngọc Thuý",
  "dateGo": {
    "$date": "2024-05-17T00:00:00.000Z"
  },
  "nameCustomer": "THẢO",
  "phoneCustomer": "0909323978",
  "trip": "SÀI GÒN - ĐÀ LẠT",
  "totalBooking": 1200000,
  "amountRefund": 360000,
  "difference": 840000,
  "seasonCancel": "Khách hủy",
  "status": false,
  "detail": {
    "$oid": "6635f6fb6c1721ed60032f5a"
  },
  "createdAt": {
    "$date": "2024-05-13T09:42:35.809Z"
  },
  "updatedAt": {
    "$date": "2024-05-13T09:42:35.809Z"
  },
  "__v": 0
},
{
  "_id": {
    "$oid": "66422305adb3b8c234691bf5"
  },
  "nameEmployee": "Đào Xuân Cường",
  "dateGo": {
    "$date": "2024-05-16T00:00:00.000Z"
  },
  "nameCustomer": "PHƯƠNG THẢO",
  "phoneCustomer": "0907069606",
  "trip": "ĐÀ LẠT - SÀI GÒN",
  "totalBooking": 650000,
  "amountRefund": 650000,
  "difference": 0,
  "seasonCancel": "KHÁCH CHUYỂN DƯ",
  "status": false,
  "detail": {
    "$oid": "6641c024adb3b8c23468fb3b"
  },
  "createdAt": {
    "$date": "2024-05-13T14:26:13.788Z"
  },
  "updatedAt": {
    "$date": "2024-05-13T14:26:13.788Z"
  },
  "__v": 0
},
{
  "_id": {
    "$oid": "66440f0252d738dc5b06f71a"
  },
  "nameEmployee": "Tạ Xuân Hà",
  "dateGo": {
    "$date": "2024-05-04T00:00:00.000Z"
  },
  "nameCustomer": "PHAN TUẤN TRÍ",
  "phoneCustomer": "0922993680",
  "trip": "SÀI GÒN - ĐÀ LẠT",
  "totalBooking": 750000,
  "amountRefund": 1400000,
  "difference": -650000,
  "seasonCancel": "Khách có việc gia đình ",
  "status": false,
  "detail": {
    "$oid": "6635947f6c1721ed60031a0a"
  },
  "createdAt": {
    "$date": "2024-05-15T01:25:22.732Z"
  },
  "updatedAt": {
    "$date": "2024-05-15T01:25:22.732Z"
  },
  "__v": 0
},
{
  "_id": {
    "$oid": "66447b3352d738dc5b070892"
  },
  "nameEmployee": "Nguyễn Hoàng Bảo Huy",
  "dateGo": {
    "$date": "2024-05-16T00:00:00.000Z"
  },
  "nameCustomer": "CHỊ PHƯƠNG",
  "phoneCustomer": "0909964744",
  "trip": "SÀI GÒN - ĐÀ LẠT",
  "totalBooking": 4500000,
  "amountRefund": 450000,
  "difference": 4050000,
  "seasonCancel": "khách hủy \n",
  "status": false,
  "detail": {
    "$oid": "6624761c4d395420893eafc8"
  },
  "createdAt": {
    "$date": "2024-05-15T09:06:59.652Z"
  },
  "updatedAt": {
    "$date": "2024-05-15T09:06:59.652Z"
  },
  "__v": 0
},
{
  "_id": {
    "$oid": "664556bdb92ee800e38c49a7"
  },
  "nameEmployee": "Tạ Xuân Hà",
  "dateGo": {
    "$date": "2024-05-16T00:00:00.000Z"
  },
  "nameCustomer": "THANH NGÂN",
  "phoneCustomer": "0984040990",
  "trip": "SÀI GÒN - ĐÀ LẠT",
  "totalBooking": 750000,
  "amountRefund": 1200000,
  "difference": -450000,
  "seasonCancel": "Hà + Thuận Đặt Nhầm chiều cho khách/ Hỗ trợ đổi giờ khách không chịu \n\n",
  "status": false,
  "detail": {
    "$oid": "663cc603bd484cb5b7aad7ed"
  },
  "createdAt": {
    "$date": "2024-05-16T00:43:41.343Z"
  },
  "updatedAt": {
    "$date": "2024-05-16T00:43:41.343Z"
  },
  "__v": 0
}]