[{
  "_id": {
    "$oid": "66005c10fe5f1db31fe9f530"
  },
  "date": {
    "$date": "2024-03-25T00:00:00.000Z"
  },
  "revenue": 127650000,
  "aa": 67,
  "lv": 28,
  "lh": 3,
  "tqđ": 22,
  "pp": 3,
  "kt": 0,
  "zl428": 10,
  "zl200": 4,
  "zl232": 9,
  "zl978": 9,
  "pd": 9,
  "lm": 52,
  "zloa": 10,
  "amz": 0,
  "vn": 9,
  "com": 0,
  "dt": 1,
  "hl": 20,
  "relativeProfit": 20530000,
  "avStaffCostDeducted": true,
  "createdAt": {
    "$date": "2024-03-24T17:00:00.980Z"
  },
  "updatedAt": {
    "$date": "2024-04-23T01:40:45.705Z"
  },
  "__v": 0
},
{
  "_id": {
    "$oid": "6601ad9008ddec855a593709"
  },
  "date": {
    "$date": "2024-03-26T00:00:00.000Z"
  },
  "revenue": 157200000,
  "aa": 85,
  "lv": 35,
  "lh": 0,
  "tqđ": 21,
  "pp": 3,
  "kt": 0,
  "zl428": 11,
  "zl200": 6,
  "zl232": 9,
  "zl978": 3,
  "pd": 15,
  "lm": 49,
  "zloa": 4,
  "amz": 0,
  "vn": 16,
  "com": 0,
  "dt": 1,
  "hl": 40,
  "relativeProfit": 26440000,
  "avStaffCostDeducted": true,
  "createdAt": {
    "$date": "2024-03-25T17:00:00.546Z"
  },
  "updatedAt": {
    "$date": "2024-04-22T07:37:09.360Z"
  },
  "__v": 0
},
{
  "_id": {
    "$oid": "6602ff1034e276ba0efc87d7"
  },
  "date": {
    "$date": "2024-03-27T00:00:00.000Z"
  },
  "revenue": 104425000,
  "aa": 62,
  "lv": 31,
  "lh": 7,
  "tqđ": 13,
  "pp": 0,
  "kt": 0,
  "zl428": 6,
  "zl200": 9,
  "zl232": 5,
  "zl978": 6,
  "pd": 13,
  "lm": 40,
  "zloa": 4,
  "amz": 0,
  "vn": 10,
  "com": 0,
  "dt": 2,
  "hl": 21,
  "relativeProfit": 15885000,
  "avStaffCostDeducted": true,
  "createdAt": {
    "$date": "2024-03-26T17:00:00.472Z"
  },
  "updatedAt": {
    "$date": "2024-04-29T15:11:23.162Z"
  },
  "__v": 0
},
{
  "_id": {
    "$oid": "660450904055ab520d1adb7f"
  },
  "date": {
    "$date": "2024-03-28T00:00:00.000Z"
  },
  "revenue": 140845000,
  "aa": 52,
  "lv": 30,
  "lh": 6,
  "tqđ": 35,
  "pp": 2,
  "kt": 0,
  "zl428": 16,
  "zl200": 8,
  "zl232": 2,
  "zl978": 12,
  "pd": 11,
  "lm": 31,
  "zloa": 8,
  "amz": 0,
  "vn": 5,
  "com": 0,
  "dt": 1,
  "hl": 33,
  "relativeProfit": 23169000,
  "avStaffCostDeducted": true,
  "createdAt": {
    "$date": "2024-03-27T17:00:00.314Z"
  },
  "updatedAt": {
    "$date": "2024-04-24T04:45:44.443Z"
  },
  "__v": 0
},
{
  "_id": {
    "$oid": "6605a210caa3870b84a2512a"
  },
  "date": {
    "$date": "2024-03-29T00:00:00.000Z"
  },
  "revenue": 109650000,
  "aa": 48,
  "lv": 24,
  "lh": 2,
  "tqđ": 18,
  "pp": 3,
  "kt": 0,
  "zl428": 6,
  "zl200": 8,
  "zl232": 7,
  "zl978": 3,
  "pd": 4,
  "lm": 29,
  "zloa": 3,
  "amz": 0,
  "vn": 13,
  "com": 0,
  "dt": 3,
  "hl": 20,
  "relativeProfit": 16930000,
  "avStaffCostDeducted": true,
  "createdAt": {
    "$date": "2024-03-28T17:00:00.063Z"
  },
  "updatedAt": {
    "$date": "2024-04-23T03:35:25.937Z"
  },
  "__v": 0,
  "tt": 0,
  "zl292": 0
},
{
  "_id": {
    "$oid": "6606f390a225bfbca6e93382"
  },
  "date": {
    "$date": "2024-03-30T00:00:00.000Z"
  },
  "revenue": 94210000,
  "aa": 51,
  "lv": 19,
  "lh": 0,
  "tqđ": 25,
  "pp": 2,
  "kt": 0,
  "zl428": 2,
  "zl200": 6,
  "zl232": 9,
  "zl978": 5,
  "pd": 5,
  "lm": 31,
  "zloa": 8,
  "amz": 0,
  "vn": 6,
  "com": 0,
  "dt": 3,
  "hl": 22,
  "relativeProfit": 13842000,
  "avStaffCostDeducted": true,
  "createdAt": {
    "$date": "2024-03-29T17:00:00.267Z"
  },
  "updatedAt": {
    "$date": "2024-04-24T06:58:18.397Z"
  },
  "__v": 0
},
{
  "_id": {
    "$oid": "660845109ff24cc57568ef43"
  },
  "date": {
    "$date": "2024-03-31T00:00:00.000Z"
  },
  "revenue": 119560000,
  "aa": 50,
  "lv": 27,
  "lh": 2,
  "tqđ": 31,
  "pp": 1,
  "kt": 0,
  "zl428": 9,
  "zl200": 6,
  "zl232": 7,
  "zl978": 9,
  "pd": 9,
  "lm": 41,
  "zloa": 7,
  "amz": 0,
  "vn": 6,
  "com": 0,
  "dt": 2,
  "hl": 15,
  "relativeProfit": 18912000,
  "avStaffCostDeducted": true,
  "createdAt": {
    "$date": "2024-03-30T17:00:00.079Z"
  },
  "updatedAt": {
    "$date": "2024-04-25T02:40:38.172Z"
  },
  "__v": 0
},
{
  "_id": {
    "$oid": "6609969000e25a784b184008"
  },
  "date": {
    "$date": "2024-04-01T00:00:00.000Z"
  },
  "revenue": 116725000,
  "aa": 47,
  "lv": 14,
  "lh": 3,
  "tqđ": 36,
  "pp": 1,
  "kt": 0,
  "zl428": 5,
  "zl200": 4,
  "zl232": 1,
  "zl978": 6,
  "pd": 8,
  "lm": 43,
  "zloa": 2,
  "amz": 2,
  "vn": 8,
  "com": 0,
  "dt": 3,
  "hl": 19,
  "relativeProfit": 18345000,
  "avStaffCostDeducted": true,
  "createdAt": {
    "$date": "2024-03-31T17:00:00.317Z"
  },
  "updatedAt": {
    "$date": "2024-04-24T07:16:01.685Z"
  },
  "__v": 0
},
{
  "_id": {
    "$oid": "660ae81022d835be801ab9c5"
  },
  "date": {
    "$date": "2024-04-02T00:00:00.000Z"
  },
  "revenue": 146650000,
  "aa": 67,
  "lv": 20,
  "lh": 4,
  "tqđ": 48,
  "pp": 1,
  "kt": 0,
  "zl428": 2,
  "zl200": 13,
  "zl232": 6,
  "zl978": 1,
  "pd": 7,
  "lm": 53,
  "zloa": 13,
  "amz": 0,
  "vn": 9,
  "com": 0,
  "dt": 2,
  "hl": 34,
  "relativeProfit": 24330000,
  "avStaffCostDeducted": true,
  "createdAt": {
    "$date": "2024-04-01T17:00:00.146Z"
  },
  "updatedAt": {
    "$date": "2024-05-01T07:50:43.683Z"
  },
  "__v": 0,
  "tt": 0,
  "zl292": 0
},
{
  "_id": {
    "$oid": "660c3990ad5087817a5e3dd3"
  },
  "date": {
    "$date": "2024-04-03T00:00:00.000Z"
  },
  "revenue": 130620000,
  "aa": 51,
  "lv": 20,
  "lh": 2,
  "tqđ": 42,
  "pp": 2,
  "kt": 0,
  "zl428": 6,
  "zl200": 14,
  "zl232": 11,
  "zl978": 1,
  "pd": 9,
  "lm": 26,
  "zloa": 6,
  "amz": 0,
  "vn": 9,
  "com": 0,
  "dt": 1,
  "hl": 34,
  "relativeProfit": 21124000,
  "avStaffCostDeducted": true,
  "createdAt": {
    "$date": "2024-04-02T17:00:00.757Z"
  },
  "updatedAt": {
    "$date": "2024-04-24T10:21:41.658Z"
  },
  "__v": 0
},
{
  "_id": {
    "$oid": "660d8b10165e1c21a259a6c7"
  },
  "date": {
    "$date": "2024-04-04T00:00:00.000Z"
  },
  "revenue": 124010000,
  "aa": 39,
  "lv": 26,
  "lh": 3,
  "tqđ": 41,
  "pp": 2,
  "kt": 0,
  "zl428": 9,
  "zl200": 6,
  "zl232": 11,
  "zl978": 9,
  "pd": 10,
  "lm": 33,
  "zloa": 9,
  "amz": 0,
  "vn": 3,
  "com": 0,
  "dt": 1,
  "hl": 20,
  "relativeProfit": 19802000,
  "avStaffCostDeducted": true,
  "createdAt": {
    "$date": "2024-04-03T17:00:00.047Z"
  },
  "updatedAt": {
    "$date": "2024-04-24T07:06:44.474Z"
  },
  "__v": 0
},
{
  "_id": {
    "$oid": "660edc90165e1c21a259be4a"
  },
  "date": {
    "$date": "2024-04-05T00:00:00.000Z"
  },
  "revenue": 143310000,
  "aa": 34,
  "lv": 18,
  "lh": 3,
  "tqđ": 59,
  "pp": 3,
  "kt": 0,
  "zl428": 1,
  "zl200": 2,
  "zl232": 10,
  "zl978": 4,
  "pd": 6,
  "lm": 48,
  "zloa": 9,
  "amz": 0,
  "vn": 9,
  "com": 0,
  "dt": 1,
  "hl": 27,
  "relativeProfit": 23662000,
  "avStaffCostDeducted": true,
  "createdAt": {
    "$date": "2024-04-04T17:00:00.646Z"
  },
  "updatedAt": {
    "$date": "2024-04-24T06:56:40.774Z"
  },
  "__v": 0
},
{
  "_id": {
    "$oid": "66102e10350db59e1271f9bb"
  },
  "date": {
    "$date": "2024-04-06T00:00:00.000Z"
  },
  "revenue": 112480000,
  "aa": 44,
  "lv": 13,
  "lh": 0,
  "tqđ": 47,
  "pp": 0,
  "kt": 0,
  "zl428": 8,
  "zl200": 5,
  "zl232": 8,
  "zl978": 2,
  "pd": 12,
  "lm": 35,
  "zloa": 4,
  "amz": 1,
  "vn": 8,
  "com": 0,
  "dt": 0,
  "hl": 21,
  "relativeProfit": 17496000,
  "avStaffCostDeducted": true,
  "createdAt": {
    "$date": "2024-04-05T17:00:00.323Z"
  },
  "updatedAt": {
    "$date": "2024-05-03T10:26:43.586Z"
  },
  "__v": 0,
  "tt": 0,
  "zl292": 0
},
{
  "_id": {
    "$oid": "66117f90314a5a823feaa364"
  },
  "date": {
    "$date": "2024-04-07T00:00:00.000Z"
  },
  "revenue": 126710000,
  "aa": 32,
  "lv": 21,
  "lh": 5,
  "tqđ": 49,
  "pp": 0,
  "kt": 0,
  "zl428": 1,
  "zl200": 6,
  "zl232": 14,
  "zl978": 9,
  "pd": 4,
  "lm": 28,
  "zloa": 5,
  "amz": 0,
  "vn": 7,
  "com": 0,
  "dt": 5,
  "hl": 28,
  "relativeProfit": 20342000,
  "avStaffCostDeducted": true,
  "createdAt": {
    "$date": "2024-04-06T17:00:00.522Z"
  },
  "updatedAt": {
    "$date": "2024-04-27T11:18:15.785Z"
  },
  "__v": 0
},
{
  "_id": {
    "$oid": "6612d110314a5a823feabb91"
  },
  "date": {
    "$date": "2024-04-08T00:00:00.000Z"
  },
  "revenue": 143360000,
  "aa": 36,
  "lv": 12,
  "lh": 4,
  "tqđ": 66,
  "pp": 2,
  "kt": 0,
  "zl428": 9,
  "zl200": 6,
  "zl232": 4,
  "zl978": 8,
  "pd": 6,
  "lm": 26,
  "zloa": 11,
  "amz": 0,
  "vn": 15,
  "com": 0,
  "dt": 2,
  "hl": 33,
  "relativeProfit": 23672000,
  "avStaffCostDeducted": true,
  "createdAt": {
    "$date": "2024-04-07T17:00:00.772Z"
  },
  "updatedAt": {
    "$date": "2024-04-29T07:15:31.944Z"
  },
  "__v": 0
},
{
  "_id": {
    "$oid": "66142290c6888a6c6fc9d3f0"
  },
  "date": {
    "$date": "2024-04-09T00:00:00.000Z"
  },
  "revenue": 145555000,
  "aa": 46,
  "lv": 31,
  "lh": 2,
  "tqđ": 54,
  "pp": 1,
  "kt": 0,
  "zl428": 9,
  "zl200": 6,
  "zl232": 12,
  "zl978": 4,
  "pd": 14,
  "lm": 48,
  "zloa": 10,
  "amz": 0,
  "vn": 13,
  "com": 0,
  "dt": 0,
  "hl": 18,
  "relativeProfit": 24111000,
  "avStaffCostDeducted": true,
  "createdAt": {
    "$date": "2024-04-08T17:00:00.521Z"
  },
  "updatedAt": {
    "$date": "2024-05-01T11:41:54.244Z"
  },
  "__v": 0,
  "tt": 0,
  "zl292": 0
},
{
  "_id": {
    "$oid": "66157410c6888a6c6fc9ee01"
  },
  "date": {
    "$date": "2024-04-10T00:00:00.000Z"
  },
  "revenue": 176340000,
  "aa": 46,
  "lv": 31,
  "lh": 3,
  "tqđ": 76,
  "pp": 2,
  "kt": 0,
  "zl428": 10,
  "zl200": 3,
  "zl232": 13,
  "zl978": 9,
  "pd": 11,
  "lm": 47,
  "zloa": 13,
  "amz": 0,
  "vn": 10,
  "com": 0,
  "dt": 1,
  "hl": 41,
  "relativeProfit": 30268000,
  "avStaffCostDeducted": true,
  "createdAt": {
    "$date": "2024-04-09T17:00:00.558Z"
  },
  "updatedAt": {
    "$date": "2024-04-30T16:25:25.166Z"
  },
  "__v": 0
},
{
  "_id": {
    "$oid": "6616c590cbdb71cc2af4ba53"
  },
  "date": {
    "$date": "2024-04-11T00:00:00.000Z"
  },
  "revenue": 147550000,
  "aa": 30,
  "lv": 20,
  "lh": 0,
  "tqđ": 60,
  "pp": 2,
  "kt": 0,
  "zl428": 8,
  "zl200": 9,
  "zl232": 15,
  "zl978": 9,
  "pd": 2,
  "lm": 47,
  "zloa": 3,
  "amz": 0,
  "vn": 2,
  "com": 0,
  "dt": 0,
  "hl": 17,
  "relativeProfit": 24510000,
  "avStaffCostDeducted": true,
  "createdAt": {
    "$date": "2024-04-10T17:00:00.163Z"
  },
  "updatedAt": {
    "$date": "2024-05-05T10:26:40.478Z"
  },
  "__v": 0,
  "tt": 0,
  "zl292": 0
},
{
  "_id": {
    "$oid": "661817101e056b49b1d11e98"
  },
  "date": {
    "$date": "2024-04-12T00:00:00.000Z"
  },
  "revenue": 149010000,
  "aa": 40,
  "lv": 16,
  "lh": 0,
  "tqđ": 47,
  "pp": 2,
  "kt": 0,
  "zl428": 4,
  "zl200": 7,
  "zl232": 8,
  "zl978": 3,
  "pd": 6,
  "lm": 24,
  "zloa": 9,
  "amz": 0,
  "vn": 7,
  "com": 0,
  "dt": 3,
  "hl": 34,
  "relativeProfit": 24802000,
  "avStaffCostDeducted": true,
  "createdAt": {
    "$date": "2024-04-11T17:00:00.435Z"
  },
  "updatedAt": {
    "$date": "2024-05-06T03:10:44.993Z"
  },
  "__v": 0,
  "tt": 0,
  "zl292": 0
},
{
  "_id": {
    "$oid": "66196891fc66e16320e4211f"
  },
  "date": {
    "$date": "2024-04-13T00:00:00.000Z"
  },
  "revenue": 155285000,
  "aa": 72,
  "lv": 54,
  "lh": 0,
  "tqđ": 110,
  "pp": 1,
  "kt": 0,
  "zl428": 24,
  "zl200": 11,
  "zl232": 11,
  "zl978": 17,
  "pd": 26,
  "lm": 67,
  "zloa": 9,
  "amz": 0,
  "vn": 5,
  "com": 0,
  "dt": 0,
  "hl": 66,
  "relativeProfit": 26057000,
  "avStaffCostDeducted": true,
  "createdAt": {
    "$date": "2024-04-12T17:00:01.004Z"
  },
  "updatedAt": {
    "$date": "2024-05-15T03:04:10.295Z"
  },
  "__v": 0,
  "tt": 0,
  "zl292": 0,
  "zl63292": 0
},
{
  "_id": {
    "$oid": "661aba10bc73a2d6e85f7795"
  },
  "date": {
    "$date": "2024-04-14T00:00:00.000Z"
  },
  "revenue": 142450000,
  "aa": 62,
  "lv": 43,
  "lh": 0,
  "tqđ": 88,
  "pp": 1,
  "kt": 0,
  "zl428": 10,
  "zl200": 21,
  "zl232": 18,
  "zl978": 1,
  "pd": 19,
  "lm": 49,
  "zloa": 10,
  "amz": 1,
  "vn": 17,
  "com": 0,
  "dt": 5,
  "hl": 51,
  "relativeProfit": 23490000,
  "avStaffCostDeducted": true,
  "createdAt": {
    "$date": "2024-04-13T17:00:00.049Z"
  },
  "updatedAt": {
    "$date": "2024-04-29T15:46:05.801Z"
  },
  "__v": 0
},
{
  "_id": {
    "$oid": "661c0b90ffbcebb7e5dabf6d"
  },
  "date": {
    "$date": "2024-04-15T00:00:00.000Z"
  },
  "revenue": 163850000,
  "aa": 116,
  "lv": 32,
  "lh": 6,
  "tqđ": 94,
  "pp": 1,
  "kt": 0,
  "zl428": 12,
  "zl200": 14,
  "zl232": 39,
  "zl978": 8,
  "pd": 24,
  "lm": 82,
  "zloa": 15,
  "amz": 0,
  "vn": 5,
  "com": 0,
  "dt": 5,
  "hl": 45,
  "relativeProfit": 27770000,
  "avStaffCostDeducted": true,
  "createdAt": {
    "$date": "2024-04-14T17:00:00.468Z"
  },
  "updatedAt": {
    "$date": "2024-05-11T05:36:20.866Z"
  },
  "__v": 0,
  "tt": 0,
  "zl292": 0
},
{
  "_id": {
    "$oid": "661d5d1099fa75cfa98b14e2"
  },
  "date": {
    "$date": "2024-04-16T00:00:00.000Z"
  },
  "revenue": 144980000,
  "aa": 70,
  "lv": 38,
  "lh": 0,
  "tqđ": 103,
  "pp": 2,
  "kt": 0,
  "zl428": 2,
  "zl200": 6,
  "zl232": 13,
  "zl978": 28,
  "pd": 23,
  "lm": 59,
  "zloa": 11,
  "amz": 4,
  "vn": 1,
  "com": 0,
  "dt": 0,
  "hl": 66,
  "relativeProfit": 23996000,
  "avStaffCostDeducted": true,
  "createdAt": {
    "$date": "2024-04-15T17:00:00.962Z"
  },
  "updatedAt": {
    "$date": "2024-05-09T15:21:33.114Z"
  },
  "__v": 0,
  "tt": 0,
  "zl292": 0
},
{
  "_id": {
    "$oid": "661eae904c9830e6f51b7ebf"
  },
  "date": {
    "$date": "2024-04-17T00:00:00.000Z"
  },
  "revenue": 199230000,
  "aa": 69,
  "lv": 39,
  "lh": 0,
  "tqđ": 171,
  "pp": 20,
  "kt": 0,
  "zl428": 18,
  "zl200": 5,
  "zl232": 36,
  "zl978": 21,
  "pd": 30,
  "lm": 107,
  "zloa": 34,
  "amz": 0,
  "vn": 17,
  "com": 0,
  "dt": 1,
  "hl": 29,
  "relativeProfit": 34846000,
  "avStaffCostDeducted": true,
  "createdAt": {
    "$date": "2024-04-16T17:00:00.050Z"
  },
  "updatedAt": {
    "$date": "2024-05-12T06:10:10.091Z"
  },
  "__v": 0,
  "tt": 0,
  "zl292": 0
},
{
  "_id": {
    "$oid": "662000102e7ca36fbe655bd1"
  },
  "date": {
    "$date": "2024-04-18T00:00:00.000Z"
  },
  "revenue": 138800000,
  "aa": 63,
  "lv": 44,
  "lh": 2,
  "tqđ": 96,
  "pp": 0,
  "kt": 0,
  "zl428": 15,
  "zl200": 8,
  "zl232": 18,
  "zl978": 14,
  "pd": 10,
  "lm": 59,
  "zloa": 8,
  "amz": 0,
  "vn": 10,
  "com": 2,
  "dt": 1,
  "hl": 64,
  "relativeProfit": 22760000,
  "avStaffCostDeducted": true,
  "createdAt": {
    "$date": "2024-04-17T17:00:00.908Z"
  },
  "updatedAt": {
    "$date": "2024-05-15T11:42:34.872Z"
  },
  "__v": 0,
  "tt": 0,
  "zl292": 0,
  "zl63292": 0
},
{
  "_id": {
    "$oid": "662151cc276165b1690eceee"
  },
  "date": {
    "$date": "2024-04-19T00:00:00.000Z"
  },
  "revenue": 112365000,
  "aa": 72,
  "lv": 32,
  "lh": 0,
  "tqđ": 73,
  "pp": 7,
  "kt": 0,
  "zl428": 7,
  "zl200": 11,
  "zl232": 12,
  "zl978": 15,
  "pd": 9,
  "lm": 40,
  "zloa": 18,
  "amz": 0,
  "vn": 15,
  "com": 0,
  "dt": 0,
  "hl": 57,
  "relativeProfit": 17473000,
  "avStaffCostDeducted": true,
  "createdAt": {
    "$date": "2024-04-18T17:01:00.556Z"
  },
  "updatedAt": {
    "$date": "2024-04-30T01:29:01.117Z"
  },
  "__v": 0,
  "tt": 0,
  "zl292": 0
},
{
  "_id": {
    "$oid": "6622a3103ed55a7680ec99c9"
  },
  "date": {
    "$date": "2024-04-20T00:00:00.000Z"
  },
  "revenue": 135552000,
  "aa": 75,
  "lv": 36,
  "lh": 6,
  "tqđ": 69,
  "pp": 15,
  "kt": 9,
  "zl428": 10,
  "zl200": 7,
  "zl232": 20,
  "zl978": 13,
  "pd": 32,
  "lm": 50,
  "zloa": 23,
  "amz": 0,
  "vn": 6,
  "com": 0,
  "dt": 1,
  "hl": 49,
  "relativeProfit": 22110400,
  "avStaffCostDeducted": true,
  "createdAt": {
    "$date": "2024-04-19T17:00:00.624Z"
  },
  "updatedAt": {
    "$date": "2024-05-08T10:06:23.168Z"
  },
  "__v": 0,
  "tt": 0,
  "zl292": 0
},
{
  "_id": {
    "$oid": "6623f48c491f16b6c7084b79"
  },
  "date": {
    "$date": "2024-04-21T00:00:00.000Z"
  },
  "revenue": 124385000,
  "aa": 73,
  "lv": 35,
  "lh": 0,
  "tqđ": 88,
  "pp": 4,
  "kt": 0,
  "zl428": 24,
  "zl200": 10,
  "zl232": 20,
  "zl978": 6,
  "pd": 8,
  "lm": 47,
  "zloa": 33,
  "amz": 0,
  "vn": 6,
  "com": 0,
  "dt": 0,
  "hl": 45,
  "relativeProfit": 19877000,
  "avStaffCostDeducted": true,
  "createdAt": {
    "$date": "2024-04-20T16:59:56.091Z"
  },
  "updatedAt": {
    "$date": "2024-05-15T09:07:00.227Z"
  },
  "__v": 0,
  "tt": 0,
  "zl292": 0,
  "zl63292": 0
},
{
  "_id": {
    "$oid": "66254610ba07617554bbcd16"
  },
  "date": {
    "$date": "2024-04-22T00:00:00.000Z"
  },
  "revenue": 140000000,
  "aa": 88,
  "lv": 24,
  "lh": 5,
  "tqđ": 77,
  "pp": 9,
  "kt": 0,
  "zl428": 8,
  "zl200": 13,
  "zl232": 8,
  "zl978": 30,
  "pd": 23,
  "lm": 62,
  "zloa": 19,
  "amz": 0,
  "vn": 3,
  "com": 0,
  "dt": 3,
  "hl": 30,
  "relativeProfit": 23000000,
  "avStaffCostDeducted": true,
  "createdAt": {
    "$date": "2024-04-21T17:00:00.377Z"
  },
  "updatedAt": {
    "$date": "2024-05-02T07:37:27.235Z"
  },
  "__v": 0,
  "tt": 0,
  "zl292": 0
},
{
  "_id": {
    "$oid": "6626979049d92baa2ec9473e"
  },
  "date": {
    "$date": "2024-04-23T00:00:00.000Z"
  },
  "revenue": 204875000,
  "aa": 192,
  "lv": 22,
  "lh": 2,
  "tqđ": 64,
  "pp": 3,
  "kt": 0,
  "zl428": 15,
  "zl200": 14,
  "zl232": 20,
  "zl978": 20,
  "pd": 11,
  "lm": 77,
  "zloa": 22,
  "amz": 2,
  "vn": 0,
  "com": 1,
  "dt": 0,
  "hl": 101,
  "relativeProfit": 35975000,
  "avStaffCostDeducted": true,
  "createdAt": {
    "$date": "2024-04-22T17:00:00.336Z"
  },
  "updatedAt": {
    "$date": "2024-05-08T05:12:50.843Z"
  },
  "__v": 0,
  "tt": 0,
  "zl292": 0
},
{
  "_id": {
    "$oid": "6627e901a9b808a0177d42e8"
  },
  "date": {
    "$date": "2024-04-24T00:00:00.000Z"
  },
  "revenue": 207655000,
  "aa": 182,
  "lv": 46,
  "lh": 1,
  "tqđ": 59,
  "pp": 1,
  "kt": 0,
  "zl428": 35,
  "zl200": 8,
  "zl232": 34,
  "zl978": 13,
  "pd": 18,
  "lm": 56,
  "zloa": 21,
  "amz": 0,
  "vn": 21,
  "com": 0,
  "dt": 3,
  "hl": 78,
  "relativeProfit": 36531000,
  "avStaffCostDeducted": true,
  "createdAt": {
    "$date": "2024-04-23T16:59:45.174Z"
  },
  "updatedAt": {
    "$date": "2024-05-11T04:50:11.959Z"
  },
  "__v": 0,
  "tt": 0,
  "zl292": 0
},
{
  "_id": {
    "$oid": "66293a90573bb5a5d822dd08"
  },
  "date": {
    "$date": "2024-04-25T00:00:00.000Z"
  },
  "revenue": 102550000,
  "aa": 90,
  "lv": 17,
  "lh": 0,
  "tqđ": 37,
  "pp": 2,
  "kt": 0,
  "zl428": 14,
  "zl200": 10,
  "zl232": 24,
  "zl978": 2,
  "pd": 11,
  "lm": 37,
  "zloa": 13,
  "amz": 0,
  "vn": 0,
  "com": 0,
  "dt": 0,
  "hl": 33,
  "relativeProfit": 15510000,
  "avStaffCostDeducted": true,
  "createdAt": {
    "$date": "2024-04-24T17:00:00.691Z"
  },
  "updatedAt": {
    "$date": "2024-05-07T05:44:58.278Z"
  },
  "__v": 0,
  "tt": 0,
  "zl292": 0
},
{
  "_id": {
    "$oid": "662a8c11322e6a9236829799"
  },
  "date": {
    "$date": "2024-04-26T00:00:00.000Z"
  },
  "revenue": 93950000,
  "aa": 94,
  "lv": 29,
  "lh": 1,
  "tqđ": 19,
  "pp": 0,
  "kt": 0,
  "zl428": 10,
  "zl200": 1,
  "zl232": 11,
  "zl978": 4,
  "pd": 16,
  "lm": 30,
  "zloa": 12,
  "amz": 0,
  "vn": 2,
  "com": 0,
  "dt": 4,
  "hl": 53,
  "relativeProfit": 13790000,
  "avStaffCostDeducted": true,
  "createdAt": {
    "$date": "2024-04-25T17:00:01.011Z"
  },
  "updatedAt": {
    "$date": "2024-05-06T07:54:50.807Z"
  },
  "__v": 0,
  "tt": 0,
  "zl292": 0
},
{
  "_id": {
    "$oid": "662bdd903c0cef8bcd379480"
  },
  "date": {
    "$date": "2024-04-27T00:00:00.000Z"
  },
  "revenue": 98750000,
  "aa": 86,
  "lv": 17,
  "lh": 0,
  "tqđ": 61,
  "pp": 4,
  "kt": 0,
  "zl428": 2,
  "zl200": 8,
  "zl232": 20,
  "zl978": 5,
  "pd": 7,
  "lm": 58,
  "zloa": 24,
  "amz": 0,
  "vn": 2,
  "com": 0,
  "dt": 0,
  "hl": 39,
  "relativeProfit": 14750000,
  "avStaffCostDeducted": true,
  "createdAt": {
    "$date": "2024-04-26T17:00:00.544Z"
  },
  "updatedAt": {
    "$date": "2024-05-07T03:57:40.492Z"
  },
  "__v": 0,
  "tt": 0,
  "zl292": 0,
  "zl63292": 0
},
{
  "_id": {
    "$oid": "662d2f10cba7d7277887505e"
  },
  "date": {
    "$date": "2024-04-28T00:00:00.000Z"
  },
  "revenue": 91595000,
  "aa": 102,
  "lv": 10,
  "lh": 0,
  "tqđ": 39,
  "pp": 0,
  "kt": 0,
  "zl428": 6,
  "zl200": 11,
  "zl232": 15,
  "zl978": 6,
  "pd": 14,
  "lm": 45,
  "zloa": 15,
  "amz": 0,
  "vn": 2,
  "com": 3,
  "dt": 5,
  "hl": 29,
  "relativeProfit": 13319000,
  "avStaffCostDeducted": true,
  "createdAt": {
    "$date": "2024-04-27T17:00:00.182Z"
  },
  "updatedAt": {
    "$date": "2024-05-10T12:30:44.055Z"
  },
  "__v": 0,
  "tt": 0,
  "zl292": 0
},
{
  "_id": {
    "$oid": "662e80905339f7aaf2d8771a"
  },
  "date": {
    "$date": "2024-04-29T00:00:00.000Z"
  },
  "revenue": 100100000,
  "aa": 66,
  "lv": 17,
  "lh": 0,
  "tqđ": 50,
  "pp": 4,
  "kt": 0,
  "zl428": 4,
  "zl200": 13,
  "zl232": 17,
  "zl978": 3,
  "pd": 15,
  "lm": 46,
  "zloa": 6,
  "amz": 0,
  "vn": 0,
  "com": 0,
  "dt": 1,
  "hl": 31,
  "relativeProfit": 15020000,
  "avStaffCostDeducted": true,
  "createdAt": {
    "$date": "2024-04-28T17:00:00.122Z"
  },
  "updatedAt": {
    "$date": "2024-05-12T11:08:53.452Z"
  },
  "__v": 0,
  "tt": 0,
  "zl292": 0
},
{
  "_id": {
    "$oid": "662fd2104c832e720420ff77"
  },
  "date": {
    "$date": "2024-04-30T00:00:00.000Z"
  },
  "revenue": 84450000,
  "aa": 76,
  "lv": 31,
  "lh": 4,
  "tqđ": 27,
  "pp": 0,
  "kt": 0,
  "zl428": 10,
  "zl200": 9,
  "zl232": 13,
  "zl978": 12,
  "pd": 12,
  "lm": 31,
  "zloa": 11,
  "amz": 0,
  "vn": 5,
  "com": 1,
  "dt": 2,
  "hl": 30,
  "relativeProfit": 11890000,
  "avStaffCostDeducted": true,
  "createdAt": {
    "$date": "2024-04-29T17:00:00.131Z"
  },
  "updatedAt": {
    "$date": "2024-05-14T04:31:45.265Z"
  },
  "__v": 0,
  "tt": 0,
  "zl292": 0,
  "zl63292": 0
},
{
  "_id": {
    "$oid": "6631239054e8fa39f315f674"
  },
  "date": {
    "$date": "2024-05-01T00:00:00.000Z"
  },
  "revenue": 118400000,
  "aa": 112,
  "lv": 20,
  "lh": 0,
  "tqđ": 72,
  "pp": 1,
  "kt": 0,
  "zl428": 3,
  "zl200": 18,
  "zl232": 2,
  "zl978": 13,
  "pd": 24,
  "lm": 42,
  "zloa": 20,
  "amz": 2,
  "vn": 5,
  "com": 6,
  "dt": 0,
  "hl": 42,
  "relativeProfit": 18680000,
  "avStaffCostDeducted": true,
  "createdAt": {
    "$date": "2024-04-30T17:00:00.349Z"
  },
  "updatedAt": {
    "$date": "2024-05-14T09:44:36.850Z"
  },
  "__v": 0,
  "tt": 0,
  "zl292": 26,
  "zl63292": 0
},
{
  "_id": {
    "$oid": "663275102bfd6aa01433a136"
  },
  "date": {
    "$date": "2024-05-02T00:00:00.000Z"
  },
  "revenue": 131925000,
  "aa": 130,
  "lv": 21,
  "lh": 2,
  "tqđ": 60,
  "pp": 5,
  "tt": 0,
  "zl428": 9,
  "zl200": 18,
  "zl232": 25,
  "zl292": 16,
  "zl978": 18,
  "pd": 11,
  "lm": 54,
  "zloa": 32,
  "amz": 0,
  "vn": 4,
  "com": 1,
  "dt": 1,
  "hl": 29,
  "relativeProfit": 21385000,
  "avStaffCostDeducted": true,
  "createdAt": {
    "$date": "2024-05-01T17:00:00.308Z"
  },
  "updatedAt": {
    "$date": "2024-05-12T04:03:28.651Z"
  },
  "__v": 0,
  "zl63292": 0
},
{
  "_id": {
    "$oid": "6633c69062880a24fdd7e048"
  },
  "date": {
    "$date": "2024-05-03T00:00:00.000Z"
  },
  "revenue": 136075000,
  "aa": 104,
  "lv": 34,
  "lh": 11,
  "tqđ": 91,
  "pp": 0,
  "tt": 0,
  "zl428": 3,
  "zl200": 22,
  "zl232": 17,
  "zl292": 21,
  "zl978": 10,
  "pd": 34,
  "lm": 70,
  "zloa": 12,
  "amz": 6,
  "vn": 4,
  "com": 0,
  "dt": 7,
  "hl": 34,
  "relativeProfit": 22215000,
  "avStaffCostDeducted": true,
  "createdAt": {
    "$date": "2024-05-02T17:00:00.890Z"
  },
  "updatedAt": {
    "$date": "2024-05-13T02:15:28.455Z"
  },
  "__v": 0
},
{
  "_id": {
    "$oid": "6635181062880a24fdd81e60"
  },
  "date": {
    "$date": "2024-05-04T00:00:00.000Z"
  },
  "revenue": 137300000,
  "aa": 127,
  "lv": 28,
  "lh": 6,
  "tqđ": 106,
  "pp": 1,
  "tt": 0,
  "zl428": 33,
  "zl200": 9,
  "zl232": 16,
  "zl292": 21,
  "zl978": 8,
  "pd": 12,
  "lm": 78,
  "zloa": 14,
  "amz": 0,
  "vn": 6,
  "com": 0,
  "dt": 1,
  "hl": 70,
  "relativeProfit": 22460000,
  "avStaffCostDeducted": true,
  "createdAt": {
    "$date": "2024-05-03T17:00:00.264Z"
  },
  "updatedAt": {
    "$date": "2024-05-15T11:58:34.438Z"
  },
  "__v": 0,
  "zl63292": 0
},
{
  "_id": {
    "$oid": "663669906c1721ed60034cc0"
  },
  "date": {
    "$date": "2024-05-05T00:00:00.000Z"
  },
  "revenue": 120655000,
  "aa": 117,
  "lv": 29,
  "lh": 4,
  "tqđ": 61,
  "pp": 0,
  "tt": 0,
  "zl428": 8,
  "zl200": 30,
  "zl232": 9,
  "zl292": 8,
  "zl978": 23,
  "pd": 12,
  "lm": 64,
  "zloa": 11,
  "amz": 0,
  "vn": 0,
  "com": 1,
  "dt": 0,
  "hl": 45,
  "relativeProfit": 19131000,
  "avStaffCostDeducted": true,
  "createdAt": {
    "$date": "2024-05-04T17:00:00.941Z"
  },
  "updatedAt": {
    "$date": "2024-05-09T07:00:32.156Z"
  },
  "__v": 0
},
{
  "_id": {
    "$oid": "6637bb10bd484cb5b7a9cfcf"
  },
  "date": {
    "$date": "2024-05-06T00:00:00.000Z"
  },
  "revenue": 164825000,
  "aa": 107,
  "lv": 57,
  "lh": 13,
  "tqđ": 106,
  "pp": 6,
  "tt": 0,
  "zl428": 5,
  "zl200": 26,
  "zl232": 41,
  "zl292": 15,
  "zl978": 12,
  "pd": 27,
  "lm": 121,
  "zloa": 10,
  "amz": 0,
  "vn": 2,
  "com": 5,
  "dt": 0,
  "hl": 22,
  "relativeProfit": 27965000,
  "avStaffCostDeducted": true,
  "createdAt": {
    "$date": "2024-05-05T17:00:00.402Z"
  },
  "updatedAt": {
    "$date": "2024-05-14T06:34:28.271Z"
  },
  "__v": 0,
  "zl63292": 0
},
{
  "_id": {
    "$oid": "66390c90bd484cb5b7aa1137"
  },
  "date": {
    "$date": "2024-05-07T00:00:00.000Z"
  },
  "revenue": 163400000,
  "aa": 107,
  "lv": 38,
  "lh": 20,
  "tqđ": 110,
  "pp": 2,
  "tt": 0,
  "zl428": 18,
  "zl200": 17,
  "zl232": 31,
  "zl292": 24,
  "zl978": 20,
  "pd": 33,
  "lm": 59,
  "zloa": 22,
  "amz": 0,
  "vn": 2,
  "com": 8,
  "dt": 0,
  "hl": 42,
  "relativeProfit": 27680000,
  "avStaffCostDeducted": true,
  "createdAt": {
    "$date": "2024-05-06T17:00:00.678Z"
  },
  "updatedAt": {
    "$date": "2024-05-15T11:46:35.157Z"
  },
  "__v": 0,
  "zl63292": 0
},
{
  "_id": {
    "$oid": "663a5e10bd484cb5b7aa57e7"
  },
  "date": {
    "$date": "2024-05-08T00:00:00.000Z"
  },
  "revenue": 138470000,
  "aa": 135,
  "lv": 37,
  "lh": 0,
  "tqđ": 69,
  "pp": 5,
  "tt": 0,
  "zl428": 8,
  "zl200": 10,
  "zl232": 21,
  "zl292": 14,
  "zl978": 37,
  "pd": 11,
  "lm": 36,
  "zloa": 14,
  "amz": 2,
  "vn": 15,
  "com": 0,
  "dt": 0,
  "hl": 78,
  "relativeProfit": 22694000,
  "avStaffCostDeducted": true,
  "createdAt": {
    "$date": "2024-05-07T17:00:00.586Z"
  },
  "updatedAt": {
    "$date": "2024-05-13T07:41:35.090Z"
  },
  "__v": 0,
  "zl63292": 0
},
{
  "_id": {
    "$oid": "663baf90bd484cb5b7aa9b1d"
  },
  "date": {
    "$date": "2024-05-09T00:00:00.000Z"
  },
  "revenue": 164615000,
  "aa": 96,
  "lv": 88,
  "lh": 0,
  "tqđ": 117,
  "pp": 3,
  "tt": 0,
  "zl428": 29,
  "zl200": 14,
  "zl232": 29,
  "zl292": 35,
  "zl978": 31,
  "pd": 26,
  "lm": 57,
  "zloa": 14,
  "amz": 22,
  "vn": 14,
  "com": 0,
  "dt": 1,
  "hl": 32,
  "relativeProfit": 27923000,
  "avStaffCostDeducted": true,
  "createdAt": {
    "$date": "2024-05-08T17:00:00.085Z"
  },
  "updatedAt": {
    "$date": "2024-05-16T00:57:21.168Z"
  },
  "__v": 0,
  "zl63292": 0
},
{
  "_id": {
    "$oid": "663d01109b382f8e850c882d"
  },
  "date": {
    "$date": "2024-05-10T00:00:00.000Z"
  },
  "revenue": 129810000,
  "aa": 54,
  "lv": 86,
  "lh": 2,
  "tqđ": 69,
  "pp": 3,
  "tt": 0,
  "zl428": 6,
  "zl200": 7,
  "zl232": 13,
  "zl292": 10,
  "zl978": 17,
  "pd": 19,
  "lm": 44,
  "zloa": 10,
  "amz": 1,
  "vn": 21,
  "com": 0,
  "dt": 1,
  "hl": 65,
  "relativeProfit": 20962000,
  "avStaffCostDeducted": true,
  "createdAt": {
    "$date": "2024-05-09T17:00:00.651Z"
  },
  "updatedAt": {
    "$date": "2024-05-15T14:24:48.682Z"
  },
  "__v": 0,
  "zl63292": 0
},
{
  "_id": {
    "$oid": "663e52909b382f8e850cd128"
  },
  "date": {
    "$date": "2024-05-11T00:00:00.000Z"
  },
  "revenue": 163300000,
  "aa": 134,
  "lv": 74,
  "lh": 0,
  "tqđ": 70,
  "pp": 6,
  "tt": 0,
  "zl428": 15,
  "zl200": 25,
  "zl232": 19,
  "zl292": 27,
  "zl978": 17,
  "pd": 20,
  "lm": 57,
  "zloa": 8,
  "amz": 0,
  "vn": 21,
  "com": 3,
  "dt": 5,
  "hl": 67,
  "relativeProfit": 27660000,
  "avStaffCostDeducted": true,
  "createdAt": {
    "$date": "2024-05-10T17:00:00.199Z"
  },
  "updatedAt": {
    "$date": "2024-05-16T00:59:48.927Z"
  },
  "__v": 0,
  "zl63292": 0
},
{
  "_id": {
    "$oid": "663fa4109b382f8e850d2379"
  },
  "date": {
    "$date": "2024-05-12T00:00:00.000Z"
  },
  "revenue": 121805000,
  "aa": 57,
  "lv": 57,
  "lh": 4,
  "tqđ": 77,
  "pp": 5,
  "tt": 0,
  "zl428": 10,
  "zl200": 12,
  "zl232": 5,
  "zl292": 4,
  "zl978": 2,
  "pd": 44,
  "lm": 64,
  "zloa": 3,
  "amz": 0,
  "vn": 1,
  "com": 1,
  "dt": 11,
  "hl": 43,
  "relativeProfit": 19361000,
  "avStaffCostDeducted": true,
  "createdAt": {
    "$date": "2024-05-11T17:00:00.198Z"
  },
  "updatedAt": {
    "$date": "2024-05-15T03:18:44.193Z"
  },
  "__v": 0,
  "zl63292": 0
},
{
  "_id": {
    "$oid": "6640f5909b382f8e850d5790"
  },
  "date": {
    "$date": "2024-05-13T00:00:00.000Z"
  },
  "revenue": 163610000,
  "aa": 64,
  "lv": 81,
  "lh": 6,
  "tqđ": 102,
  "pp": 7,
  "tt": 0,
  "zl428": 9,
  "zl200": 0,
  "zl232": 18,
  "zl292": 14,
  "zl978": 28,
  "pd": 15,
  "lm": 40,
  "zloa": 12,
  "amz": 0,
  "vn": 25,
  "com": 0,
  "dt": 7,
  "hl": 92,
  "relativeProfit": 27722000,
  "avStaffCostDeducted": true,
  "createdAt": {
    "$date": "2024-05-12T17:00:00.923Z"
  },
  "updatedAt": {
    "$date": "2024-05-15T14:21:40.979Z"
  },
  "__v": 0,
  "zl63292": 0
},
{
  "_id": {
    "$oid": "6642471052d738dc5b06b40b"
  },
  "date": {
    "$date": "2024-05-14T00:00:00.000Z"
  },
  "revenue": 188355000,
  "aa": 122,
  "lv": 58,
  "lh": 1,
  "tqđ": 76,
  "pp": 4,
  "tt": 0,
  "zl428": 9,
  "zl200": 9,
  "zl232": 20,
  "zl292": 11,
  "zl978": 17,
  "pd": 10,
  "lm": 40,
  "zloa": 27,
  "amz": 4,
  "vn": 8,
  "com": 8,
  "dt": 0,
  "hl": 97,
  "zl63292": 1,
  "relativeProfit": 32671000,
  "avStaffCostDeducted": true,
  "createdAt": {
    "$date": "2024-05-13T17:00:00.569Z"
  },
  "updatedAt": {
    "$date": "2024-05-15T14:35:59.592Z"
  },
  "__v": 0
},
{
  "_id": {
    "$oid": "6643989052d738dc5b06f185"
  },
  "date": {
    "$date": "2024-05-15T00:00:00.000Z"
  },
  "revenue": 148410000,
  "aa": 123,
  "lv": 42,
  "lh": 4,
  "tqđ": 76,
  "pp": 6,
  "tt": 0,
  "zl428": 15,
  "zl200": 30,
  "zl232": 14,
  "zl292": 14,
  "zl978": 8,
  "pd": 14,
  "lm": 49,
  "zloa": 34,
  "amz": 5,
  "vn": 7,
  "com": 2,
  "dt": 16,
  "hl": 41,
  "zl63292": 2,
  "relativeProfit": 24682000,
  "avStaffCostDeducted": true,
  "createdAt": {
    "$date": "2024-05-14T17:00:00.561Z"
  },
  "updatedAt": {
    "$date": "2024-05-15T16:53:47.763Z"
  },
  "__v": 0
},
{
  "_id": {
    "$oid": "6644ea10b92ee800e38c45e1"
  },
  "date": {
    "$date": "2024-05-16T00:00:00.000Z"
  },
  "revenue": 3860000,
  "aa": 4,
  "lv": 1,
  "lh": 2,
  "tqđ": 0,
  "pp": 0,
  "tt": 0,
  "zl428": 2,
  "zl200": 0,
  "zl232": 0,
  "zl292": 0,
  "zl978": 0,
  "pd": 0,
  "lm": 0,
  "zloa": 3,
  "amz": 0,
  "vn": 0,
  "com": 0,
  "dt": 0,
  "hl": 2,
  "zl63292": 0,
  "relativeProfit": -4228000,
  "avStaffCostDeducted": true,
  "createdAt": {
    "$date": "2024-05-15T17:00:00.424Z"
  },
  "updatedAt": {
    "$date": "2024-05-16T01:27:04.716Z"
  },
  "__v": 0
}]